customer_id,number_of_visits,product_views,cart_additions,checkout_started,previous_purchases,average_order_value,days_since_last_activity,customer_value,discount_used,email_engagement,session_duration,potential_lost_sale,recovered,recovery_probability_true
CUST-1000,4,14,6,1,2,73.67,6,Low,0,0.13,1757.0,1,1,0.584
CUST-1001,6,8,3,1,3,153.84,4,Medium,0,0.13,831.4,1,1,0.727
CUST-1002,5,23,8,1,6,100.42,3,High,0,0.41,2631.2,0,0,0.897
CUST-1003,5,25,6,1,4,159.69,3,High,1,0.42,1812.1,1,1,0.942
CUST-1004,2,6,1,0,2,31.76,3,Low,1,0.5,771.9,1,1,0.885
CUST-1005,7,30,11,0,0,92.6,22,Low,0,0.37,1643.1,1,1,0.091
CUST-1006,5,11,7,1,1,57.97,2,Low,0,0.28,1226.4,1,1,0.754
CUST-1007,9,31,7,0,0,85.51,11,Low,1,0.41,3018.8,0,0,0.426
CUST-1008,4,6,1,1,1,165.93,8,Medium,1,0.54,513.5,1,1,0.872
CUST-1009,2,10,5,0,2,170.77,1,Medium,0,0.27,915.7,1,1,0.835
CUST-1010,7,14,2,1,5,163.11,30,High,1,0.2,1073.9,1,0,0.289
CUST-1011,13,40,17,1,2,152.93,9,Medium,1,0.24,2182.0,1,1,0.769
CUST-1012,3,7,2,1,1,143.64,7,Low,0,0.54,778.4,0,0,0.739
CUST-1013,6,7,2,1,4,187.65,4,High,0,0.1,870.3,1,0,0.805
CUST-1014,8,34,10,1,0,39.25,5,Low,1,0.38,3006.3,1,1,0.589
CUST-1015,3,12,3,1,2,265.83,2,High,1,0.28,1187.6,1,1,0.932
CUST-1016,10,23,7,1,2,125.81,1,Medium,0,0.19,1244.3,1,1,0.812
CUST-1017,9,31,14,1,1,188.27,11,Medium,1,0.34,1811.1,1,1,0.761
CUST-1018,1,5,2,1,3,21.78,14,Low,1,0.43,580.8,1,1,0.641
CUST-1019,5,11,5,1,1,138.19,2,Low,1,0.51,1390.5,1,1,0.898
CUST-1020,8,11,5,1,0,99.5,10,Low,0,0.34,1343.3,1,1,0.285
CUST-1021,3,4,1,1,3,121.39,9,Medium,1,0.25,407.2,1,1,0.772
CUST-1022,13,28,11,1,1,83.21,2,Low,0,0.4,2458.0,1,1,0.796
CUST-1023,8,32,11,0,1,89.92,4,Low,0,0.66,2839.2,0,0,0.838
CUST-1024,5,16,7,0,2,174.34,4,Medium,1,0.76,1709.8,1,1,0.945
CUST-1025,11,34,10,1,3,154.33,9,Medium,0,0.5,3341.4,1,0,0.754
CUST-1026,3,7,3,1,2,54.74,11,Low,0,0.09,785.7,1,1,0.416
CUST-1027,13,53,23,1,3,91.61,1,Medium,1,0.77,2586.2,1,1,0.962
CUST-1028,6,14,4,0,0,125.53,5,Low,1,0.55,1664.7,0,0,0.668
CUST-1029,4,6,0,0,1,138.54,9,Low,0,0.31,465.7,0,0,0.584
CUST-1030,7,15,5,1,3,311.51,10,High,0,0.38,1255.7,1,1,0.779
CUST-1031,7,17,5,1,3,152.41,1,Medium,0,0.44,2059.9,1,1,0.877
CUST-1032,11,15,6,1,7,50.55,5,Medium,0,0.75,1304.6,1,1,0.891
CUST-1033,14,56,26,1,5,141.85,12,High,1,0.6,2937.9,1,1,0.887
CUST-1034,4,14,5,1,1,74.61,3,Low,1,0.08,989.2,1,1,0.769
CUST-1035,7,9,3,1,5,128.3,4,High,1,0.43,883.8,1,0,0.936
CUST-1036,17,73,27,1,0,324.52,10,Low,0,0.22,3943.6,0,0,0.239
CUST-1037,11,24,5,1,3,111.21,1,Medium,1,0.67,1882.6,1,1,0.953
CUST-1038,3,5,1,1,1,207.46,12,Medium,0,0.59,465.1,1,1,0.719
CUST-1039,14,46,21,1,2,141.13,3,Medium,1,0.27,5060.9,1,1,0.879
CUST-1040,12,37,14,0,0,260.24,1,Low,0,0.44,2104.3,1,1,0.589
CUST-1041,3,10,0,0,1,179.65,2,Medium,0,0.68,1103.1,0,0,0.911
CUST-1042,5,8,2,1,0,219.47,1,Low,0,0.56,638.8,1,1,0.646
CUST-1043,15,51,19,1,1,165.02,1,Medium,0,0.41,4576.4,1,1,0.87
CUST-1044,8,8,4,1,2,110.51,8,Medium,1,0.33,518.7,1,1,0.818
CUST-1045,1,6,3,1,1,246.65,2,Medium,1,0.39,723.1,1,0,0.912
CUST-1046,10,21,6,1,4,156.82,17,High,1,0.74,2183.4,1,1,0.851
CUST-1047,2,5,3,1,0,113.89,5,Low,1,0.3,331.5,1,1,0.55
CUST-1048,4,6,2,1,0,99.51,4,Low,0,0.64,714.6,1,1,0.599
CUST-1049,12,50,19,1,0,159.28,4,Low,0,0.12,5531.6,1,1,0.345
CUST-1050,5,21,8,1,3,227.72,8,High,1,0.52,1124.5,1,1,0.915
CUST-1051,8,18,4,1,1,171.36,4,Medium,0,0.11,1709.8,1,1,0.719
CUST-1052,10,33,17,1,1,117.94,1,Low,0,0.55,3097.4,1,1,0.856
CUST-1053,5,22,5,1,2,168.44,13,Medium,1,0.58,1170.5,1,1,0.802
CUST-1054,6,14,4,1,1,198.28,4,Medium,0,0.23,1131.5,1,1,0.765
CUST-1055,10,34,14,1,3,62.07,1,Medium,0,0.71,4127.7,1,1,0.924
CUST-1056,5,16,6,1,2,74.98,5,Low,0,0.6,1531.4,1,1,0.802
CUST-1057,5,20,9,1,3,190.07,7,High,0,0.35,2440.6,1,1,0.826
CUST-1058,8,19,7,0,6,73.48,2,Medium,0,0.62,1919.2,0,0,0.9
CUST-1059,3,11,3,0,0,128.2,10,Low,0,0.04,598.8,0,0,0.179
CUST-1060,8,29,14,1,3,147.63,7,Medium,0,0.72,1546.4,1,1,0.858
CUST-1061,7,10,1,1,1,86.27,7,Low,0,0.15,1123.5,1,0,0.565
CUST-1062,7,14,7,1,4,130.59,4,High,0,0.21,1386.2,1,1,0.838
CUST-1063,9,37,11,1,7,148.61,20,High,1,0.03,2135.0,1,0,0.49
CUST-1064,11,15,7,0,6,232.26,2,High,0,0.41,1532.7,0,0,0.907
CUST-1065,9,19,4,0,3,221.5,6,High,0,0.13,2041.8,0,0,0.776
CUST-1066,8,34,12,0,2,158.98,3,Medium,0,0.57,3599.3,1,1,0.879
CUST-1067,6,28,13,1,3,105.52,9,Medium,0,0.41,1935.0,1,1,0.719
CUST-1068,3,5,2,1,3,223.59,1,High,0,0.11,446.5,0,0,0.858
CUST-1069,12,36,14,0,1,227.0,1,Medium,0,0.43,4403.3,1,0,0.874
CUST-1070,14,30,13,1,3,98.53,10,Medium,1,0.27,3465.1,1,1,0.758
CUST-1071,3,8,4,0,3,152.77,4,Medium,0,0.64,617.1,1,1,0.881
CUST-1072,7,14,8,1,2,113.96,3,Medium,1,0.19,1557.6,1,1,0.861
CUST-1073,3,13,4,1,0,161.45,6,Low,0,0.34,856.1,1,1,0.392
CUST-1074,4,11,2,1,0,95.12,8,Low,0,0.34,823.4,1,0,0.336
CUST-1075,3,9,1,1,0,197.31,2,Low,0,0.45,568.2,1,0,0.565
CUST-1076,9,28,8,1,4,161.91,2,High,1,0.28,1564.9,0,0,0.932
CUST-1077,5,6,1,1,2,95.22,20,Medium,0,0.7,800.1,1,0,0.55
CUST-1078,10,22,8,1,0,189.75,6,Low,0,0.57,1992.3,1,0,0.505
CUST-1079,1,4,1,1,1,105.12,3,Low,0,0.53,305.2,1,1,0.818
CUST-1080,6,6,0,0,4,55.46,10,Medium,1,0.7,736.8,1,0,0.881
CUST-1081,4,12,1,1,2,85.5,5,Medium,1,0.07,1333.5,1,1,0.792
CUST-1082,5,13,6,0,4,206.9,2,High,1,0.54,743.2,0,0,0.959
CUST-1083,2,9,3,1,1,273.81,2,Medium,0,0.61,899.6,1,1,0.898
CUST-1084,4,4,1,1,0,276.84,4,Low,0,0.3,446.2,1,1,0.43
CUST-1085,7,23,11,0,2,108.13,12,Medium,1,0.48,2391.4,1,1,0.789
CUST-1086,9,21,4,0,0,128.14,1,Low,0,0.53,2217.2,1,0,0.632
CUST-1087,4,13,8,1,0,115.0,2,Low,0,0.18,885.7,1,0,0.43
CUST-1088,17,20,8,0,2,139.05,14,Medium,1,0.5,1482.5,1,1,0.754
CUST-1089,4,9,2,1,3,72.12,1,Medium,0,0.68,1147.8,1,1,0.92
CUST-1090,11,36,14,1,3,109.52,6,Medium,1,0.35,4207.7,1,1,0.856
CUST-1091,7,23,10,1,2,153.01,2,Medium,0,0.16,1690.2,0,0,0.782
CUST-1092,11,44,15,1,2,207.36,6,Medium,0,0.14,2144.3,1,0,0.681
CUST-1093,12,50,21,0,5,158.96,3,High,0,0.31,5635.8,1,1,0.877
CUST-1094,4,20,5,0,2,125.5,1,Medium,1,0.75,1610.1,0,0,0.96
CUST-1095,8,27,8,0,4,86.55,6,Medium,0,0.49,1963.2,1,1,0.812
CUST-1096,7,23,5,0,3,212.83,7,High,1,0.46,1679.6,1,1,0.915
CUST-1097,10,13,3,1,4,67.31,7,Medium,1,0.47,1122.7,1,1,0.87
CUST-1098,16,67,21,1,8,74.38,7,High,0,0.64,4966.3,0,0,0.895
CUST-1099,13,40,18,0,6,181.0,5,High,0,0.45,3573.4,1,1,0.881
CUST-1100,3,4,0,0,2,192.09,5,Medium,1,0.88,308.7,0,0,0.951
CUST-1101,11,38,13,0,0,37.99,7,Low,1,0.45,4610.9,1,0,0.565
CUST-1102,5,7,3,0,1,126.0,8,Low,0,0.71,975.6,1,1,0.779
CUST-1103,7,32,15,1,2,50.67,7,Low,0,0.76,3801.6,1,1,0.815
CUST-1104,3,16,11,0,4,129.52,6,High,1,0.51,1905.8,1,1,0.931
CUST-1105,7,30,12,0,4,117.32,2,Medium,0,0.39,2912.2,0,0,0.851
CUST-1106,21,65,30,0,2,247.9,2,Medium,1,0.3,4136.0,1,1,0.897
CUST-1107,4,15,7,1,2,169.36,2,Medium,0,0.36,826.3,1,1,0.843
CUST-1108,5,9,6,1,0,171.8,16,Low,1,0.4,630.6,1,0,0.285
CUST-1109,4,9,4,1,0,229.9,9,Low,0,0.55,712.6,1,0,0.406
CUST-1110,6,14,2,1,2,233.69,5,Medium,0,0.29,1259.3,1,1,0.765
CUST-1111,6,25,8,1,2,148.99,2,Medium,0,0.27,3082.2,0,0,0.818
CUST-1112,3,12,5,1,12,103.71,1,High,0,0.14,1083.6,1,1,0.865
CUST-1113,7,30,9,1,4,202.36,14,High,0,0.67,2703.5,1,1,0.796
CUST-1114,3,5,1,1,0,197.93,14,Low,0,0.44,564.8,1,1,0.231
CUST-1115,9,19,7,1,4,180.21,1,High,1,0.08,1213.8,1,1,0.912
CUST-1116,7,18,9,1,1,148.7,10,Low,0,0.35,2205.2,1,1,0.574
CUST-1117,2,10,1,1,0,128.94,4,Low,1,0.24,1011.1,1,0,0.55
CUST-1118,3,6,3,1,0,234.0,3,Low,1,0.48,498.4,1,0,0.69
CUST-1119,10,21,9,1,4,117.15,9,Medium,1,0.0,2464.1,0,0,0.673
CUST-1120,4,12,7,1,1,101.47,6,Low,0,0.33,1188.2,1,1,0.677
CUST-1121,8,20,10,1,1,125.25,10,Low,0,0.17,1738.1,1,0,0.485
CUST-1122,3,3,2,1,0,94.09,1,Low,0,0.32,358.2,1,0,0.53
CUST-1123,8,16,6,0,3,198.33,3,High,1,0.54,1675.9,1,1,0.953
CUST-1124,4,11,3,1,1,148.76,3,Low,1,0.56,658.0,1,1,0.897
CUST-1125,3,14,5,1,1,52.38,3,Low,0,0.48,1671.2,1,1,0.802
CUST-1126,10,43,17,0,1,169.66,5,Medium,0,0.19,5208.3,0,0,0.727
CUST-1127,8,16,8,1,4,127.17,2,High,0,0.26,1568.3,1,1,0.879
CUST-1128,8,10,5,0,2,140.89,4,Medium,0,0.19,1094.2,0,0,0.75
CUST-1129,7,16,4,0,0,156.95,3,Low,0,0.32,1908.0,1,1,0.47
CUST-1130,6,7,3,1,1,110.76,8,Low,1,0.07,580.1,0,0,0.641
CUST-1131,1,5,1,1,4,100.97,6,Medium,0,0.13,720.7,1,0,0.677
CUST-1132,12,14,1,1,0,180.49,7,Low,1,0.03,1383.6,1,0,0.359
CUST-1133,7,23,6,1,4,78.75,2,Medium,1,0.13,1902.5,1,0,0.861
CUST-1134,3,14,3,1,5,89.09,3,Medium,1,0.21,1516.7,1,1,0.865
CUST-1135,6,21,10,1,2,98.06,1,Medium,0,0.2,1925.8,1,0,0.815
CUST-1136,5,23,7,0,5,211.43,1,High,0,0.07,1337.7,0,0,0.848
CUST-1137,9,12,3,1,3,238.13,2,High,0,0.38,1404.6,1,1,0.902
CUST-1138,3,10,6,1,3,97.64,1,Medium,1,0.6,1044.9,1,1,0.947
CUST-1139,10,42,14,1,12,89.88,6,High,0,0.73,4459.3,1,1,0.92
CUST-1140,5,13,1,1,1,147.99,38,Low,0,0.59,885.0,1,0,0.07
CUST-1141,8,8,2,1,1,127.09,1,Low,0,0.23,753.5,0,0,0.758
CUST-1142,15,18,4,1,3,199.94,11,High,0,0.62,2006.5,1,1,0.835
CUST-1143,9,19,4,1,1,174.16,1,Medium,1,0.46,2308.1,1,1,0.931
CUST-1144,3,7,1,0,2,283.94,7,High,0,0.49,836.0,1,1,0.863
CUST-1145,12,48,18,1,0,91.83,7,Low,0,0.25,5409.8,1,1,0.323
CUST-1146,7,9,2,1,0,198.6,14,Low,0,0.17,628.3,0,0,0.149
CUST-1147,7,31,10,1,2,117.3,1,Medium,0,0.28,3397.0,0,0,0.838
CUST-1148,12,26,12,1,7,87.33,3,High,1,0.11,1613.4,0,0,0.897
CUST-1149,6,10,3,1,2,116.38,1,Medium,0,0.5,753.8,0,0,0.889
CUST-1150,8,17,9,0,2,122.01,4,Medium,0,0.34,975.7,0,0,0.802
CUST-1151,5,22,8,0,4,228.55,15,High,1,0.4,2561.2,1,1,0.786
CUST-1152,11,45,15,1,3,65.09,10,Medium,1,0.75,2541.6,0,0,0.891
CUST-1153,6,26,11,1,5,98.99,8,Medium,0,0.16,1556.2,1,1,0.636
CUST-1154,3,7,1,1,0,144.9,5,Low,0,0.05,571.1,1,1,0.289
CUST-1155,17,34,8,1,6,84.63,13,High,0,0.5,3026.4,1,1,0.758
CUST-1156,8,19,7,1,0,271.44,4,Low,0,0.31,2194.3,1,1,0.435
CUST-1157,4,17,6,1,1,290.35,1,Medium,0,0.41,1367.8,1,1,0.87
CUST-1158,17,70,28,1,6,139.72,11,High,0,0.54,6070.5,1,0,0.812
CUST-1159,4,17,9,1,0,180.76,2,Low,1,0.87,1065.7,1,0,0.846
CUST-1160,6,26,8,0,2,251.73,1,High,0,0.63,1771.8,0,0,0.945
CUST-1161,2,9,3,0,0,131.05,1,Low,1,0.33,634.7,1,1,0.677
CUST-1162,12,39,14,1,0,176.03,6,Low,1,0.22,3073.7,1,0,0.48
CUST-1163,9,28,15,1,1,79.71,6,Low,1,0.39,2666.7,1,1,0.812
CUST-1164,4,17,8,0,0,53.4,2,Low,0,0.21,1178.9,0,0,0.445
CUST-1165,9,39,18,1,10,208.98,8,High,1,0.57,4268.5,1,1,0.923
CUST-1166,7,19,5,0,4,134.76,9,High,1,0.77,2363.5,0,0,0.94
CUST-1167,10,11,5,1,2,286.48,16,High,0,0.88,624.3,1,1,0.823
CUST-1168,9,21,6,1,8,106.26,6,High,0,0.42,1121.3,1,1,0.861
CUST-1169,3,10,2,1,2,76.55,10,Medium,0,0.27,1148.2,1,1,0.632
CUST-1170,9,19,10,0,0,199.87,9,Low,1,0.44,1229.9,1,0,0.5
CUST-1171,5,22,3,1,1,276.09,2,Medium,0,0.35,1657.1,0,0,0.84
CUST-1172,7,21,11,1,0,80.12,3,Low,0,0.13,1652.2,1,1,0.378
CUST-1173,8,26,7,1,0,91.3,4,Low,1,0.43,3052.0,0,0,0.641
CUST-1174,4,6,3,0,2,247.38,1,Medium,0,0.23,598.9,1,1,0.823
CUST-1175,4,5,1,0,2,326.28,3,High,1,0.36,282.8,1,1,0.935
CUST-1176,6,22,7,0,6,176.69,4,High,0,0.41,1120.2,1,1,0.885
CUST-1177,9,32,9,0,0,101.93,1,Low,1,0.75,1971.5,1,1,0.829
CUST-1178,11,24,9,1,1,237.62,1,Medium,0,0.67,1799.5,0,0,0.918
CUST-1179,8,25,8,1,2,123.1,4,Medium,0,0.25,2104.7,1,1,0.772
CUST-1180,11,46,17,1,2,103.43,8,Medium,1,0.52,5005.2,1,1,0.868
CUST-1181,10,23,3,1,7,110.52,11,High,0,0.65,1643.3,1,1,0.843
CUST-1182,12,48,12,0,4,188.42,5,High,0,0.22,3599.1,1,1,0.823
CUST-1183,2,9,1,0,2,143.18,4,Medium,1,0.45,662.6,1,1,0.902
CUST-1184,12,53,18,1,2,172.23,3,Medium,0,0.25,2471.9,1,1,0.792
CUST-1185,8,27,12,1,3,202.39,2,High,1,0.4,3227.9,1,1,0.946
CUST-1186,16,16,8,0,3,126.08,1,Medium,0,0.5,963.4,0,0,0.889
CUST-1187,6,10,2,1,1,213.87,10,Medium,0,0.64,815.8,1,1,0.782
CUST-1188,5,22,8,1,2,140.8,4,Medium,0,0.81,1359.8,1,1,0.912
CUST-1189,2,8,4,1,1,111.28,10,Low,1,0.68,713.3,1,1,0.826
CUST-1190,4,9,2,1,1,68.48,8,Low,0,0.67,1082.8,1,1,0.765
CUST-1191,10,44,15,1,3,123.65,2,Medium,1,0.39,2437.4,1,1,0.912
CUST-1192,10,21,7,1,6,258.87,5,High,1,0.19,1790.1,1,1,0.889
CUST-1193,3,7,1,1,4,197.79,4,High,0,0.09,501.3,1,0,0.802
CUST-1194,5,18,3,0,1,171.74,4,Medium,1,0.66,1881.7,1,1,0.933
CUST-1195,10,32,8,1,2,83.46,5,Medium,1,0.63,3071.0,1,1,0.921
CUST-1196,5,7,3,1,2,109.61,25,Medium,0,0.47,822.4,1,1,0.297
CUST-1197,3,4,0,1,3,185.66,11,High,0,0.7,476.0,1,0,0.856
CUST-1198,6,20,5,1,4,206.2,15,High,0,0.38,2300.8,1,1,0.659
CUST-1199,8,34,11,1,0,199.81,1,Low,1,0.48,2706.5,1,1,0.739
CUST-1200,2,3,0,0,2,157.04,1,Medium,1,0.64,324.0,0,0,0.951
CUST-1201,12,26,7,1,5,96.75,1,Medium,0,0.57,2567.0,1,1,0.902
CUST-1202,5,21,10,0,1,206.42,2,Medium,0,0.69,1868.2,0,0,0.912
CUST-1203,6,15,2,1,0,109.24,4,Low,1,0.19,941.7,1,1,0.525
CUST-1204,6,18,7,1,4,207.68,7,High,0,0.56,1378.6,1,1,0.879
CUST-1205,8,17,5,1,0,123.77,5,Low,1,0.22,1023.9,1,1,0.51
CUST-1206,10,42,16,1,1,279.97,15,Medium,0,0.56,3409.0,1,1,0.627
CUST-1207,3,12,5,0,4,117.86,17,Medium,1,0.4,1175.1,0,0,0.636
CUST-1208,3,15,4,1,3,116.82,2,Medium,1,0.69,840.3,1,1,0.95
CUST-1209,5,10,5,0,2,135.36,12,Medium,0,0.2,991.9,1,1,0.54
CUST-1210,6,25,9,0,2,97.43,4,Medium,0,0.26,2899.3,1,0,0.776
CUST-1211,4,14,7,1,3,89.32,4,Medium,0,0.59,1118.7,1,1,0.87
CUST-1212,8,16,5,0,2,95.88,10,Medium,0,0.2,1073.7,1,1,0.599
CUST-1213,6,14,9,1,1,243.37,1,Medium,0,0.39,1678.1,1,1,0.865
CUST-1214,6,9,4,1,3,92.02,13,Medium,1,0.53,980.7,1,1,0.786
CUST-1215,3,5,4,0,1,117.32,7,Low,0,0.39,319.3,1,0,0.677
CUST-1216,6,28,10,1,1,339.74,13,Medium,0,0.58,2240.5,1,0,0.69
CUST-1217,10,12,4,1,2,210.5,32,Medium,1,0.72,1242.6,1,0,0.354
CUST-1218,5,7,3,1,1,208.87,5,Medium,1,0.5,767.7,1,1,0.9
CUST-1219,13,13,7,1,3,316.4,1,High,0,0.15,1321.7,0,0,0.868
CUST-1220,8,8,5,1,3,133.63,2,Medium,1,0.3,747.0,1,1,0.897
CUST-1221,5,17,5,1,2,55.26,3,Low,1,0.28,1885.8,1,1,0.832
CUST-1222,9,28,12,1,2,200.28,1,Medium,0,0.55,2068.3,1,0,0.898
CUST-1223,8,9,2,1,4,127.14,11,High,0,0.26,926.3,1,0,0.711
CUST-1224,9,39,14,1,3,341.12,3,High,0,0.05,4802.8,1,1,0.808
CUST-1225,8,26,7,1,1,51.68,23,Low,1,0.72,1993.7,1,0,0.52
CUST-1226,11,15,4,1,4,89.35,8,Medium,1,0.22,1670.4,1,1,0.782
CUST-1227,6,21,11,0,7,107.32,2,High,1,0.39,1503.7,1,1,0.945
CUST-1228,16,34,9,1,0,134.82,4,Low,0,0.51,2364.5,1,1,0.535
CUST-1229,6,19,7,1,10,73.21,4,High,0,0.32,2280.8,0,0,0.865
CUST-1230,2,7,3,1,5,164.45,5,High,1,0.31,359.6,1,1,0.911
CUST-1231,3,14,3,1,0,104.59,5,Low,0,0.93,908.3,1,1,0.703
CUST-1232,11,38,12,1,3,216.73,1,High,0,0.28,3203.1,1,1,0.895
CUST-1233,1,8,3,0,2,250.85,7,High,0,0.69,705.2,1,1,0.904
CUST-1234,13,27,7,0,7,120.5,5,High,1,0.25,2573.6,0,0,0.9
CUST-1235,6,6,3,0,0,176.53,10,Low,0,0.66,525.2,1,1,0.43
CUST-1236,3,12,7,0,0,140.29,11,Low,0,0.18,683.4,1,0,0.204
CUST-1237,9,32,9,1,0,135.56,2,Low,1,0.17,2437.0,1,0,0.574
CUST-1238,3,13,3,1,6,70.43,1,Medium,0,0.62,1211.6,1,1,0.911
CUST-1239,7,30,10,0,2,132.19,8,Medium,1,0.34,2723.6,1,0,0.821
CUST-1240,8,18,8,1,4,207.0,23,High,1,0.83,1723.7,1,1,0.769
CUST-1241,5,9,2,0,0,166.36,4,Low,0,0.42,855.9,1,1,0.49
CUST-1242,7,24,4,0,1,90.45,2,Low,0,0.53,1688.7,1,0,0.835
CUST-1243,12,30,11,0,2,70.73,2,Low,0,0.26,3167.9,1,1,0.746
CUST-1244,7,7,5,1,2,130.06,3,Medium,0,0.16,470.4,1,1,0.761
CUST-1245,7,10,3,0,3,98.43,3,Medium,1,0.3,727.2,0,0,0.885
CUST-1246,7,22,7,1,3,103.79,4,Medium,1,0.06,2250.1,0,0,0.808
CUST-1247,7,29,15,1,2,99.22,7,Medium,0,0.53,2060.6,1,1,0.805
CUST-1248,4,13,5,1,1,141.15,2,Low,0,0.26,1173.0,1,1,0.746
CUST-1249,8,29,12,0,1,182.05,1,Medium,0,0.41,2145.2,1,1,0.87
CUST-1250,9,33,12,0,3,96.69,3,Medium,0,0.49,2885.6,1,1,0.861
CUST-1251,4,9,6,1,2,94.72,12,Medium,0,0.24,800.1,1,1,0.56
CUST-1252,10,42,16,1,0,76.52,5,Low,1,0.45,5110.6,0,0,0.622
CUST-1253,4,8,5,1,3,151.69,21,Medium,0,0.36,726.2,1,0,0.354
CUST-1254,10,30,12,0,3,204.75,5,High,1,0.29,2829.7,1,1,0.907
CUST-1255,5,24,10,1,3,133.08,2,Medium,0,0.41,2808.1,1,1,0.856
CUST-1256,8,10,3,1,4,182.45,2,High,0,0.27,973.9,1,1,0.881
CUST-1257,3,13,4,1,4,229.86,8,High,0,0.75,1169.7,1,1,0.904
CUST-1258,13,41,17,1,1,156.15,5,Medium,1,0.12,3639.7,1,1,0.808
CUST-1259,8,32,10,1,2,91.52,6,Medium,0,0.38,2709.4,1,1,0.776
CUST-1260,3,3,1,1,2,86.79,9,Medium,0,0.15,351.4,1,0,0.603
CUST-1261,8,10,2,0,2,94.12,8,Medium,1,0.82,612.4,0,0,0.923
CUST-1262,2,10,5,0,3,295.29,1,High,0,0.71,1191.3,0,0,0.953
CUST-1263,6,6,1,1,2,333.21,10,High,0,0.69,674.3,1,1,0.868
CUST-1264,12,26,11,0,1,118.31,5,Low,0,0.03,2862.2,1,1,0.565
CUST-1265,4,17,6,1,1,224.74,3,Medium,0,0.55,840.8,0,0,0.874
CUST-1266,1,4,1,1,2,242.81,5,Medium,0,0.34,532.0,1,1,0.782
CUST-1267,9,13,5,1,2,71.24,6,Low,0,0.61,789.5,1,1,0.786
CUST-1268,6,28,8,1,1,287.66,1,Medium,0,0.4,2824.2,1,1,0.868
CUST-1269,2,6,2,0,3,124.94,4,Medium,1,0.31,636.6,1,1,0.874
CUST-1270,7,32,10,1,1,122.09,3,Low,1,0.52,3147.2,1,1,0.889
CUST-1271,6,10,1,1,2,77.99,3,Medium,1,0.6,1059.3,1,1,0.933
CUST-1272,3,14,9,0,0,296.17,1,Low,1,0.4,864.6,0,0,0.707
CUST-1273,11,13,2,1,2,144.77,2,Medium,0,0.55,1248.4,1,1,0.887
CUST-1274,10,30,12,0,3,282.72,2,High,1,0.36,2061.9,1,1,0.942
CUST-1275,4,20,6,0,2,236.07,3,Medium,0,0.53,1905.8,1,1,0.87
CUST-1276,8,35,13,1,0,119.29,14,Low,1,0.86,3593.5,1,0,0.56
CUST-1277,2,4,1,0,2,146.93,2,Medium,0,0.41,235.7,1,1,0.856
CUST-1278,2,5,2,1,2,102.87,4,Medium,0,0.23,526.0,1,1,0.765
CUST-1279,6,9,4,1,9,108.68,3,High,1,0.36,930.6,1,1,0.935
CUST-1280,3,5,2,1,1,170.62,10,Medium,1,0.42,383.7,1,1,0.808
CUST-1281,6,30,7,1,0,195.11,1,Low,1,0.47,3559.5,0,0,0.735
CUST-1282,8,9,4,0,2,54.29,2,Low,0,0.69,903.7,1,1,0.874
CUST-1283,5,22,6,1,1,55.1,2,Low,0,0.42,1326.7,1,1,0.802
CUST-1284,3,8,0,0,1,110.09,30,Low,0,0.46,528.1,0,0,0.132
CUST-1285,7,30,10,0,1,159.43,6,Medium,0,0.45,2678.3,0,0,0.799
CUST-1286,4,7,2,1,0,244.65,1,Low,0,0.3,645.3,0,0,0.52
CUST-1287,4,6,2,1,1,143.77,2,Low,0,0.34,392.3,1,1,0.776
CUST-1288,8,19,8,1,2,124.62,2,Medium,0,0.17,1016.6,1,1,0.786
CUST-1289,8,33,10,0,0,181.02,1,Low,0,0.32,2917.8,1,1,0.53
CUST-1290,10,21,6,1,2,90.8,10,Medium,1,0.33,1957.6,1,1,0.779
CUST-1291,5,20,4,1,4,145.42,5,High,1,0.02,1217.7,1,1,0.851
CUST-1292,13,19,8,1,0,131.75,6,Low,0,0.26,1879.2,1,0,0.354
CUST-1293,3,14,5,1,1,150.53,3,Medium,0,0.64,1678.6,1,1,0.893
CUST-1294,2,8,2,0,1,230.83,5,Medium,0,0.46,1002.4,0,0,0.821
CUST-1295,3,5,2,1,2,59.59,2,Low,0,0.07,688.6,0,0,0.668
CUST-1296,12,37,13,1,5,135.13,3,High,1,0.3,3990.9,1,1,0.927
CUST-1297,7,22,7,1,6,194.76,7,High,1,0.65,1459.0,1,1,0.94
CUST-1298,4,16,6,0,2,175.56,1,Medium,1,0.19,1087.3,0,0,0.887
CUST-1299,4,6,2,0,4,62.41,6,Medium,0,0.53,648.3,0,0,0.823
CUST-1300,8,18,7,1,0,54.96,12,Low,1,0.78,1729.6,1,0,0.579
CUST-1301,9,14,4,1,0,188.47,1,Low,0,0.2,1628.8,1,1,0.47
CUST-1302,3,7,1,1,2,60.99,14,Low,0,0.25,602.5,1,1,0.406
CUST-1303,6,25,6,1,2,146.64,1,Medium,0,0.12,2068.2,1,1,0.789
CUST-1304,4,18,7,1,5,223.99,3,High,1,0.14,1781.9,1,0,0.902
CUST-1305,12,26,12,1,4,68.81,6,Medium,0,0.46,2125.5,1,0,0.802
CUST-1306,3,8,2,1,2,283.42,5,High,0,0.43,706.7,1,1,0.877
CUST-1307,8,8,2,0,3,185.66,1,High,1,0.56,674.2,0,0,0.964
CUST-1308,8,35,14,1,1,417.43,10,Medium,0,0.17,4305.0,1,1,0.584
CUST-1309,8,11,5,0,2,111.83,22,Medium,0,0.27,975.3,1,0,0.289
CUST-1310,8,19,9,1,1,249.67,2,Medium,0,0.85,1768.5,0,0,0.935
CUST-1311,3,10,4,0,1,117.59,14,Low,0,0.66,717.4,1,1,0.608
CUST-1312,3,12,6,1,1,142.58,5,Low,1,0.66,1163.6,1,1,0.893
CUST-1313,11,34,6,1,1,101.83,17,Low,0,0.44,2251.1,1,0,0.411
CUST-1314,5,12,2,0,5,139.51,2,High,0,0.26,785.6,0,0,0.879
CUST-1315,7,9,1,1,0,210.48,10,Low,0,0.28,658.2,1,0,0.261
CUST-1316,4,17,7,1,7,287.91,1,High,1,0.94,879.3,1,1,0.983
CUST-1317,4,13,2,1,2,92.29,13,Medium,0,0.3,1214.6,1,0,0.56
CUST-1318,5,16,6,0,1,152.48,7,Medium,1,0.18,1237.0,0,0,0.789
CUST-1319,6,8,3,1,3,107.93,3,Medium,0,0.57,1078.4,1,0,0.879
CUST-1320,6,25,8,0,1,156.12,2,Medium,0,0.12,1366.4,0,0,0.769
CUST-1321,9,40,17,1,8,224.39,11,High,1,0.68,2054.9,1,1,0.912
CUST-1322,9,20,5,1,10,112.24,6,High,0,0.51,2392.5,1,1,0.881
CUST-1323,8,17,5,1,2,172.01,3,Medium,0,0.45,1096.8,1,0,0.851
CUST-1324,9,37,15,1,1,89.57,4,Low,0,0.03,1802.4,0,0,0.594
CUST-1325,1,5,0,0,2,232.72,11,Medium,0,0.06,399.9,0,0,0.5
CUST-1326,3,12,5,1,3,197.96,3,High,0,0.44,1443.8,1,1,0.902
CUST-1327,3,13,6,1,7,97.02,1,High,1,0.4,1482.8,0,0,0.952
CUST-1328,3,7,4,1,0,95.91,15,Low,1,0.6,542.6,1,1,0.401
CUST-1329,7,10,5,1,6,256.14,3,High,0,0.58,1036.1,1,1,0.924
CUST-1330,1,6,2,0,2,324.87,3,High,0,0.79,595.2,1,1,0.949
CUST-1331,4,14,5,0,0,99.04,2,Low,1,0.3,1750.3,1,0,0.636
CUST-1332,3,12,2,0,0,211.14,14,Low,0,0.13,719.7,1,1,0.139
CUST-1333,5,6,1,1,0,119.81,2,Low,0,0.3,797.2,0,0,0.49
CUST-1334,11,35,9,0,0,256.36,7,Low,1,0.17,2166.5,0,0,0.426
CUST-1335,3,7,2,1,0,122.68,13,Low,1,0.43,597.1,1,0,0.378
CUST-1336,5,20,9,1,1,190.88,1,Medium,1,0.26,1325.7,1,0,0.9
CUST-1337,5,10,3,0,0,150.32,11,Low,1,0.54,1036.3,1,1,0.49
CUST-1338,1,4,1,0,6,46.31,4,Medium,1,0.32,474.7,0,0,0.877
CUST-1339,6,20,7,1,0,92.74,7,Low,0,0.73,1872.8,1,1,0.555
CUST-1340,19,76,26,1,7,189.29,3,High,1,0.13,7521.3,1,1,0.9
CUST-1341,1,1,1,1,1,179.11,8,Medium,0,0.59,246.8,1,1,0.805
CUST-1342,9,23,7,1,0,159.38,2,Low,0,0.7,2442.6,1,0,0.681
CUST-1343,11,14,5,0,6,292.52,1,High,0,0.27,1023.8,0,0,0.893
CUST-1344,13,27,9,1,0,204.63,18,Low,1,0.38,2143.9,1,0,0.231
CUST-1345,12,24,5,0,0,193.28,1,Low,0,0.36,1464.7,1,0,0.55
CUST-1346,3,14,5,1,6,45.92,11,Medium,1,0.13,1176.1,1,1,0.677
CUST-1347,3,9,4,0,2,209.26,2,Medium,1,0.63,992.1,1,1,0.944
CUST-1348,5,16,3,0,0,64.21,3,Low,0,0.44,1600.0,1,0,0.53
CUST-1349,11,12,2,1,0,139.64,11,Low,1,0.63,1262.7,1,0,0.535
CUST-1350,6,26,7,1,1,64.58,2,Low,1,0.46,1902.1,1,1,0.889
CUST-1351,1,5,2,0,1,173.96,13,Medium,1,0.55,587.1,1,1,0.792
CUST-1352,10,23,9,1,2,228.61,5,Medium,0,0.21,1781.2,1,1,0.735
CUST-1353,5,12,4,1,1,134.48,3,Low,1,0.55,1496.7,0,0,0.895
CUST-1354,7,30,10,1,3,136.51,7,Medium,1,0.15,2294.2,1,1,0.779
CUST-1355,9,11,6,1,0,88.58,3,Low,0,0.86,1162.7,1,0,0.723
CUST-1356,2,8,4,0,0,226.86,3,Low,0,0.33,894.1,0,0,0.475
CUST-1357,6,8,4,1,5,67.76,8,Medium,0,0.1,986.6,1,1,0.608
CUST-1358,2,8,4,0,5,150.34,3,High,1,0.17,736.0,0,0,0.907
CUST-1359,15,30,11,1,2,133.62,2,Medium,0,0.62,2205.4,0,0,0.9
CUST-1360,9,40,14,0,1,166.19,10,Medium,0,0.61,3165.5,1,1,0.772
CUST-1361,16,50,21,1,0,200.0,10,Low,1,0.68,3528.5,1,1,0.589
CUST-1362,13,42,19,1,0,130.06,5,Low,0,0.61,4013.4,1,1,0.555
CUST-1363,4,20,3,1,1,209.91,5,Medium,1,0.41,2424.9,1,1,0.883
CUST-1364,7,11,1,0,0,137.69,8,Low,0,0.37,686.7,1,0,0.35
CUST-1365,5,6,4,1,5,163.59,5,High,0,0.55,578.1,1,1,0.9
CUST-1366,2,7,2,0,2,81.21,4,Medium,0,0.15,949.4,1,0,0.735
CUST-1367,5,11,6,1,1,114.99,32,Low,1,0.67,738.7,1,1,0.25
CUST-1368,6,9,3,1,3,60.8,1,Medium,1,0.6,897.7,1,1,0.947
CUST-1369,8,33,8,0,2,144.13,6,Medium,1,0.57,3715.1,1,1,0.902
CUST-1370,5,12,2,1,3,194.98,14,High,1,0.3,1389.0,1,0,0.772
CUST-1371,6,9,2,1,1,127.14,7,Low,0,0.37,798.2,1,1,0.668
CUST-1372,5,6,1,1,2,134.0,13,Medium,0,0.34,352.6,1,0,0.579
CUST-1373,5,24,8,1,1,167.53,3,Medium,0,0.09,1333.1,1,1,0.735
CUST-1374,10,32,13,1,3,175.77,2,High,0,0.65,3009.2,1,1,0.94
CUST-1375,7,7,5,1,2,59.46,12,Low,1,0.18,558.0,1,0,0.579
CUST-1376,8,17,6,1,1,105.14,4,Low,0,0.24,1108.0,1,1,0.69
CUST-1377,5,20,7,0,0,64.33,8,Low,1,0.68,2197.7,1,1,0.646
CUST-1378,6,25,9,0,1,116.39,1,Low,1,0.71,2650.8,1,1,0.937
CUST-1379,3,16,6,1,2,268.31,9,High,0,0.63,1876.8,1,0,0.868
CUST-1380,3,11,4,1,1,196.19,5,Medium,1,0.12,754.3,1,0,0.808
CUST-1381,13,41,7,1,1,139.46,2,Low,0,0.3,2574.5,1,1,0.761
CUST-1382,18,37,5,0,2,301.84,5,High,1,0.54,4029.7,1,1,0.942
CUST-1383,5,11,2,1,2,160.4,8,Medium,0,0.33,1144.5,0,0,0.711
CUST-1384,8,36,9,1,0,375.01,1,Low,0,0.2,3913.7,1,0,0.47
CUST-1385,5,14,6,0,0,148.93,7,Low,0,0.34,1749.3,0,0,0.364
CUST-1386,5,6,1,1,0,104.9,5,Low,1,0.61,825.5,1,1,0.694
CUST-1387,8,28,13,0,8,78.13,2,High,1,0.23,2474.7,0,0,0.926
CUST-1388,11,44,20,1,4,186.86,9,High,0,0.3,3137.0,1,0,0.772
CUST-1389,13,54,26,1,1,115.83,3,Low,1,0.84,4768.1,0,0,0.938
CUST-1390,1,1,1,0,3,148.79,2,Medium,0,0.28,197.7,1,1,0.821
CUST-1391,2,4,1,1,3,173.58,4,High,1,0.29,375.3,1,1,0.917
CUST-1392,18,19,7,0,1,92.46,7,Low,0,0.84,2089.5,1,1,0.838
CUST-1393,4,7,1,1,10,159.19,16,High,0,0.53,451.1,1,1,0.698
CUST-1394,6,27,12,0,1,128.14,1,Low,1,0.66,2969.8,1,1,0.931
CUST-1395,13,39,17,1,3,66.31,4,Medium,0,0.33,1979.1,1,1,0.799
CUST-1396,3,11,5,1,2,177.79,1,Medium,0,0.47,1034.8,0,0,0.883
CUST-1397,2,2,1,1,1,188.28,9,Medium,0,0.77,387.1,1,1,0.84
CUST-1398,7,16,7,1,4,245.52,4,High,0,0.61,1003.1,1,1,0.92
CUST-1399,4,17,3,1,0,79.36,8,Low,0,0.51,1484.8,1,0,0.416
CUST-1400,8,27,5,1,1,328.14,3,Medium,1,0.29,1689.3,1,1,0.883
CUST-1401,7,9,4,1,0,97.06,12,Low,0,0.37,1063.3,1,0,0.25
CUST-1402,5,11,3,1,1,337.42,5,Medium,0,0.55,1280.2,1,1,0.846
CUST-1403,6,14,10,1,2,49.08,18,Low,0,0.32,1655.6,1,1,0.327
CUST-1404,3,6,1,1,2,142.19,1,Medium,1,0.26,787.2,1,0,0.9
CUST-1405,5,23,10,1,2,166.24,5,Medium,1,0.6,2405.8,0,0,0.917
CUST-1406,14,42,14,0,2,130.6,9,Medium,1,0.64,2596.7,1,1,0.881
CUST-1407,15,31,13,1,5,78.8,6,Medium,0,0.4,2230.0,1,0,0.782
CUST-1408,13,43,18,1,4,111.69,1,Medium,0,0.23,3660.3,1,1,0.823
CUST-1409,3,12,7,1,1,161.82,22,Medium,1,0.65,1144.1,1,1,0.613
CUST-1410,7,15,4,0,0,350.28,3,Low,1,0.45,1710.5,1,0,0.677
CUST-1411,5,5,4,1,4,80.75,2,Medium,0,0.21,422.9,1,1,0.799
CUST-1412,13,30,8,1,6,104.45,4,High,0,0.82,1742.1,1,1,0.946
CUST-1413,4,9,1,1,0,70.67,5,Low,0,0.55,908.8,0,0,0.525
CUST-1414,4,19,6,1,1,116.26,9,Low,0,0.22,1152.5,1,0,0.54
CUST-1415,1,4,2,0,1,134.82,3,Low,1,0.2,497.3,1,1,0.808
CUST-1416,9,11,4,1,3,216.22,4,High,0,0.26,1102.2,0,0,0.851
CUST-1417,10,34,15,1,9,163.27,5,High,0,0.5,3468.6,1,1,0.891
CUST-1418,8,17,7,0,0,262.65,4,Low,0,0.27,929.0,1,1,0.416
CUST-1419,5,9,2,1,4,137.62,15,High,0,0.53,1206.4,0,0,0.723
CUST-1420,3,5,4,0,4,26.89,12,Low,0,0.47,290.5,1,0,0.574
CUST-1421,14,17,3,1,0,166.7,4,Low,0,0.22,1283.9,1,0,0.392
CUST-1422,14,18,9,0,2,56.94,1,Low,1,0.31,1852.1,0,0,0.87
CUST-1423,16,69,22,0,0,213.18,14,Low,0,0.28,3469.3,1,0,0.179
CUST-1424,8,9,3,1,1,137.7,1,Low,0,0.34,600.5,0,0,0.796
CUST-1425,13,28,9,0,1,102.26,2,Low,0,0.19,1580.9,0,0,0.719
CUST-1426,8,35,10,1,4,75.74,1,Medium,0,0.24,3190.4,1,1,0.826
CUST-1427,10,20,6,1,0,109.42,2,Low,0,0.21,2379.9,0,0,0.445
CUST-1428,6,13,3,1,0,134.76,10,Low,0,0.42,1266.4,1,0,0.319
CUST-1429,6,20,5,1,5,306.83,6,High,1,0.36,1880.4,1,1,0.909
CUST-1430,4,4,1,0,4,129.52,19,High,0,0.68,459.0,0,0,0.686
CUST-1431,7,9,3,1,4,154.76,2,High,1,0.66,577.4,0,0,0.967
CUST-1432,5,14,6,0,7,132.97,4,High,0,0.42,726.2,1,1,0.887
CUST-1433,6,9,3,1,6,154.91,23,High,0,0.53,1135.9,1,0,0.5
CUST-1434,5,22,11,1,0,150.67,11,Low,1,0.54,1296.9,1,0,0.49
CUST-1435,1,7,3,1,3,138.83,8,Medium,0,0.18,934.6,1,0,0.646
CUST-1436,11,14,6,1,6,100.62,2,High,0,0.38,962.2,1,1,0.902
CUST-1437,15,15,6,0,5,189.97,9,High,1,0.41,1567.5,1,1,0.885
CUST-1438,8,34,11,0,0,80.74,3,Low,0,0.55,4078.6,1,0,0.584
CUST-1439,13,44,17,0,3,174.33,5,High,0,0.37,3238.7,0,0,0.863
CUST-1440,2,9,1,0,0,191.62,6,Low,0,0.59,991.9,1,0,0.515
CUST-1441,6,14,7,1,0,50.81,6,Low,1,0.23,1093.5,1,1,0.485
CUST-1442,10,22,9,1,4,76.94,8,Medium,1,0.77,1633.2,0,0,0.915
CUST-1443,7,9,2,1,1,54.5,7,Low,0,0.51,664.0,1,1,0.727
CUST-1444,13,40,16,1,2,240.61,1,Medium,0,0.61,4305.7,1,1,0.909
CUST-1445,6,14,1,1,1,107.44,4,Low,0,0.12,976.4,1,1,0.636
CUST-1446,3,12,3,1,2,234.76,7,Medium,0,0.5,895.8,1,0,0.796
CUST-1447,6,12,2,1,0,118.51,3,Low,1,0.73,1579.6,1,0,0.786
CUST-1448,5,10,5,1,5,84.04,3,Medium,0,0.25,837.0,1,0,0.792
CUST-1449,6,26,11,0,4,98.15,1,Medium,0,0.48,2098.0,0,0,0.885
CUST-1450,6,11,5,1,1,149.38,4,Low,1,0.4,1359.3,1,1,0.848
CUST-1451,10,33,5,1,1,190.69,26,Medium,1,0.36,2473.0,1,0,0.354
CUST-1452,6,10,3,1,0,140.96,3,Low,1,0.39,792.8,1,1,0.65
CUST-1453,5,21,8,0,0,209.8,5,Low,1,0.15,2395.8,1,1,0.475
CUST-1454,3,8,1,0,0,128.13,9,Low,1,0.51,604.2,0,0,0.535
CUST-1455,13,42,16,1,1,134.95,1,Low,0,0.23,2726.2,0,0,0.758
CUST-1456,3,5,0,0,1,95.12,14,Low,0,0.54,514.3,0,0,0.55
CUST-1457,10,43,12,0,3,90.24,3,Medium,0,0.61,4369.3,0,0,0.887
CUST-1458,6,17,6,1,1,196.53,13,Medium,0,0.3,1000.0,1,0,0.56
CUST-1459,10,23,9,0,2,80.88,1,Medium,1,0.5,1852.9,0,0,0.936
CUST-1460,5,6,1,0,4,118.36,1,Medium,0,0.83,563.5,1,0,0.939
CUST-1461,4,18,4,1,3,200.87,3,High,0,0.44,1282.5,1,1,0.902
CUST-1462,8,17,4,1,3,59.99,3,Medium,0,0.36,1743.1,1,1,0.826
CUST-1463,5,12,3,1,9,243.47,12,High,0,0.28,960.4,1,1,0.694
CUST-1464,8,25,7,1,4,84.68,1,Medium,1,0.42,2435.4,1,1,0.926
CUST-1465,2,6,2,0,0,243.91,7,Low,1,0.14,593.8,1,0,0.411
CUST-1466,6,7,3,0,0,80.81,1,Low,0,0.45,521.5,0,0,0.594
CUST-1467,10,43,15,0,7,196.32,11,High,0,0.36,2893.7,0,0,0.75
CUST-1468,9,39,16,1,2,106.01,10,Medium,1,0.22,2383.0,1,1,0.739
CUST-1469,6,21,9,1,10,312.35,5,High,1,0.16,1180.5,1,1,0.883
CUST-1470,3,12,2,1,0,124.23,2,Low,0,0.26,1257.9,1,0,0.47
CUST-1471,6,6,0,0,0,75.59,7,Low,1,0.18,671.2,1,0,0.43
CUST-1472,10,21,10,1,0,174.4,2,Low,1,0.55,1291.0,0,0,0.743
CUST-1473,11,34,8,1,0,111.66,2,Low,1,0.08,3276.8,1,1,0.53
CUST-1474,19,80,24,1,1,182.45,6,Medium,1,0.12,9557.3,1,1,0.789
CUST-1475,3,10,1,0,1,242.2,29,Medium,1,0.62,569.1,1,0,0.392
CUST-1476,9,29,11,1,1,198.78,14,Medium,0,0.25,2508.9,1,1,0.505
CUST-1477,9,37,14,0,1,58.12,6,Low,1,0.62,3756.1,0,0,0.872
CUST-1478,4,14,9,1,2,79.98,5,Medium,1,0.13,768.2,1,1,0.812
CUST-1479,8,32,14,1,1,156.73,39,Medium,1,0.7,3381.7,1,0,0.185
CUST-1480,3,7,2,0,1,164.22,5,Medium,1,0.41,884.5,0,0,0.883
CUST-1481,2,10,3,0,2,34.21,4,Low,0,0.51,633.3,0,0,0.792
CUST-1482,10,20,6,1,2,71.81,15,Low,0,0.32,2219.4,1,0,0.411
CUST-1483,7,30,8,1,6,83.88,2,High,0,0.19,2301.1,0,0,0.863
CUST-1484,6,15,3,1,2,250.48,1,High,1,0.36,896.5,1,1,0.948
CUST-1485,10,32,8,1,1,100.25,7,Low,0,0.57,2768.8,1,1,0.75
CUST-1486,4,18,4,0,2,190.07,1,Medium,0,0.24,983.8,1,1,0.826
CUST-1487,14,30,9,1,3,226.5,3,High,0,0.09,2606.1,1,1,0.821
CUST-1488,4,16,5,1,2,98.47,4,Medium,0,0.36,811.1,1,0,0.808
CUST-1489,9,36,18,0,6,132.73,5,High,1,0.24,3682.4,1,1,0.898
CUST-1490,6,25,9,1,1,190.32,29,Medium,1,0.51,2139.5,1,0,0.341
CUST-1491,7,10,7,1,4,57.84,2,Medium,1,0.48,903.7,0,0,0.926
CUST-1492,7,18,6,1,2,121.01,3,Medium,0,0.16,1250.0,1,1,0.761
CUST-1493,3,5,2,1,0,237.08,1,Low,1,0.6,526.2,1,1,0.782
CUST-1494,9,11,3,1,1,162.35,6,Medium,0,0.52,766.5,1,1,0.821
CUST-1495,3,8,2,1,4,163.18,8,High,0,0.55,837.1,1,1,0.863
CUST-1496,3,12,2,1,2,210.29,4,Medium,1,0.52,841.0,1,1,0.914
CUST-1497,6,6,4,0,3,105.18,2,Medium,1,0.52,591.0,0,0,0.931
CUST-1498,1,1,1,0,0,82.39,6,Low,1,0.66,202.5,1,1,0.69
CUST-1499,6,6,0,0,0,158.18,5,Low,0,0.73,654.2,1,1,0.613
CUST-1500,5,21,5,1,3,109.02,2,Medium,0,0.46,1951.9,1,0,0.868
CUST-1501,2,4,1,1,2,105.68,4,Medium,0,0.5,478.4,1,1,0.848
CUST-1502,10,33,9,1,2,81.1,4,Medium,0,0.33,3243.2,1,1,0.799
CUST-1503,3,12,4,0,0,173.67,25,Low,0,0.15,1013.2,1,0,0.043
CUST-1504,5,18,4,1,0,125.95,12,Low,0,0.51,2037.4,1,0,0.306
CUST-1505,5,22,7,1,0,82.0,8,Low,0,0.49,2253.4,1,0,0.406
CUST-1506,7,9,2,1,1,216.11,14,Medium,1,0.45,939.0,1,0,0.735
CUST-1507,4,8,2,1,1,117.42,8,Low,1,0.66,981.2,1,0,0.853
CUST-1508,5,6,1,1,3,175.59,15,High,1,0.1,698.0,1,1,0.668
CUST-1509,11,46,15,0,1,277.77,1,Medium,1,0.58,4049.3,0,0,0.945
CUST-1510,9,19,11,0,3,214.46,4,High,0,0.17,1015.4,0,0,0.826
CUST-1511,5,16,5,0,0,263.94,9,Low,1,0.52,1450.7,1,0,0.54
CUST-1512,3,6,3,0,5,212.53,6,High,0,0.09,544.3,1,1,0.761
CUST-1513,13,13,6,0,0,121.29,2,Low,0,0.49,1242.3,0,0,0.584
CUST-1514,16,35,17,1,0,92.44,3,Low,0,0.88,3389.2,1,1,0.731
CUST-1515,4,17,8,1,0,118.39,3,Low,0,0.3,1715.6,0,0,0.46
CUST-1516,16,65,24,0,7,122.43,2,High,1,0.33,6255.8,1,1,0.938
CUST-1517,5,14,7,1,0,241.47,3,Low,0,0.57,1444.6,1,0,0.594
CUST-1518,6,27,6,1,2,110.31,5,Medium,1,0.49,1519.8,1,1,0.898
CUST-1519,4,18,6,1,1,72.17,12,Low,1,0.23,1244.8,1,0,0.603
CUST-1520,7,33,18,1,0,154.18,9,Low,0,0.44,3083.0,1,0,0.354
CUST-1521,7,23,10,1,0,142.21,11,Low,0,0.4,1813.8,1,0,0.285
CUST-1522,6,7,5,1,2,94.68,13,Medium,1,0.55,886.8,1,1,0.792
CUST-1523,2,12,5,1,1,114.96,4,Low,0,0.62,829.9,1,1,0.826
CUST-1524,8,20,9,0,1,267.65,3,Medium,0,0.54,1341.0,0,0,0.872
CUST-1525,12,52,20,1,2,173.34,1,Medium,1,0.6,4559.4,0,0,0.947
CUST-1526,8,27,11,0,1,119.23,16,Low,1,0.31,2343.2,1,1,0.525
CUST-1527,4,9,3,1,3,94.38,1,Medium,1,0.75,674.8,1,1,0.96
CUST-1528,9,12,7,1,1,330.81,9,Medium,0,0.41,1058.5,1,1,0.719
CUST-1529,11,22,10,1,5,292.72,3,High,0,0.5,1086.0,1,1,0.912
CUST-1530,12,24,11,1,0,206.22,18,Low,0,0.64,1206.2,1,0,0.218
CUST-1531,1,6,3,1,1,125.1,4,Low,0,0.34,416.1,1,1,0.731
CUST-1532,4,13,4,0,0,92.22,11,Low,0,0.47,1201.0,1,0,0.314
CUST-1533,6,26,5,0,0,93.89,2,Low,0,0.51,2988.2,1,1,0.594
CUST-1534,6,7,4,0,2,124.39,3,Medium,1,0.77,604.7,1,1,0.952
CUST-1535,5,21,8,1,1,110.12,6,Low,1,0.23,1134.1,1,1,0.758
CUST-1536,2,7,2,1,6,137.79,38,High,1,0.12,783.1,1,0,0.117
CUST-1537,4,15,3,1,8,134.73,5,High,1,0.41,1799.0,1,1,0.926
CUST-1538,3,6,3,1,0,85.45,17,Low,0,0.44,382.8,1,0,0.174
CUST-1539,6,26,11,1,0,86.9,10,Low,0,0.05,1991.3,1,0,0.182
CUST-1540,12,48,20,1,4,119.77,10,Medium,1,0.52,2834.9,1,1,0.838
CUST-1541,2,4,2,1,0,133.1,4,Low,1,0.06,251.1,1,0,0.46
CUST-1542,5,5,1,1,0,257.44,3,Low,0,0.37,512.4,1,1,0.495
CUST-1543,6,11,3,1,0,158.2,2,Low,0,0.55,1382.8,1,1,0.613
CUST-1544,4,18,2,1,1,155.54,20,Medium,1,0.2,1897.1,1,1,0.45
CUST-1545,6,8,4,1,1,161.05,20,Medium,0,0.52,1117.2,1,1,0.46
CUST-1546,13,20,4,0,2,229.64,9,Medium,0,0.38,1651.5,1,0,0.707
CUST-1547,9,10,4,1,5,582.43,3,High,0,0.42,1174.7,1,1,0.898
CUST-1548,7,17,6,1,3,106.16,2,Medium,1,0.5,1083.2,0,0,0.928
CUST-1549,14,42,15,1,1,319.05,27,Medium,0,0.42,2348.0,1,1,0.231
CUST-1550,4,13,7,1,0,67.17,1,Low,1,0.6,1331.5,1,1,0.782
CUST-1551,9,38,8,0,1,120.35,12,Low,0,0.5,2811.0,0,0,0.589
CUST-1552,13,53,21,0,2,81.15,3,Medium,0,0.57,3778.9,0,0,0.879
CUST-1553,9,20,4,1,2,187.54,4,Medium,1,0.08,2024.1,1,0,0.815
CUST-1554,10,30,6,1,0,211.74,11,Low,0,0.64,2174.0,1,0,0.392
CUST-1555,5,6,2,0,3,72.25,1,Medium,0,0.36,674.5,0,0,0.858
CUST-1556,3,3,0,0,6,223.71,3,High,0,0.25,348.8,0,0,0.863
CUST-1557,1,8,4,0,13,162.82,19,High,1,0.18,933.9,0,0,0.594
CUST-1558,4,14,5,1,2,200.42,8,Medium,0,0.26,1002.5,1,1,0.681
CUST-1559,7,29,5,1,1,238.65,9,Medium,0,0.42,2636.4,1,1,0.723
CUST-1560,2,8,1,0,1,189.98,9,Medium,1,0.27,504.2,1,1,0.779
CUST-1561,13,21,8,1,0,65.54,1,Low,0,0.6,2259.0,1,1,0.664
CUST-1562,10,11,5,1,5,114.76,2,High,0,0.24,1128.3,1,1,0.874
CUST-1563,10,33,11,1,3,70.03,5,Medium,1,0.46,2051.5,1,1,0.893
CUST-1564,11,46,16,1,5,48.19,3,Medium,0,0.51,2938.3,1,0,0.865
CUST-1565,10,21,9,0,3,78.55,4,Medium,0,0.47,1459.5,0,0,0.84
CUST-1566,5,16,6,1,0,119.09,10,Low,0,0.36,1514.7,1,1,0.293
CUST-1567,13,56,17,1,3,307.85,1,High,1,0.3,4963.3,1,0,0.942
CUST-1568,6,19,7,0,1,136.84,7,Low,0,0.5,1367.3,0,0,0.723
CUST-1569,9,28,11,1,1,163.39,1,Medium,0,0.3,2759.5,0,0,0.843
CUST-1570,7,23,9,1,4,107.77,1,Medium,1,0.29,2608.4,1,1,0.906
CUST-1571,7,16,6,0,3,125.73,4,Medium,0,0.3,848.0,1,1,0.789
CUST-1572,10,20,11,0,5,143.13,12,High,0,0.61,1620.3,1,1,0.815
CUST-1573,8,10,2,1,4,122.53,1,Medium,0,0.51,966.4,0,0,0.891
CUST-1574,9,10,6,1,1,178.98,5,Medium,1,0.1,1017.5,1,1,0.802
CUST-1575,5,23,8,0,1,102.31,7,Low,0,0.5,1128.0,1,0,0.723
CUST-1576,6,19,8,0,0,67.41,2,Low,1,0.12,1290.7,1,0,0.55
CUST-1577,7,30,7,0,0,60.15,5,Low,1,0.38,1635.1,1,0,0.589
CUST-1578,13,19,6,1,5,204.38,15,High,0,0.59,1714.4,1,1,0.746
CUST-1579,6,15,7,1,1,35.42,5,Low,0,0.36,1528.7,1,1,0.715
CUST-1580,3,3,1,1,0,124.71,2,Low,1,0.06,345.2,1,1,0.52
CUST-1581,3,14,2,0,1,80.03,6,Low,0,0.64,1038.6,1,1,0.796
CUST-1582,9,13,5,0,0,181.97,6,Low,0,0.63,1073.0,1,1,0.535
CUST-1583,3,12,2,1,0,138.76,1,Low,1,0.39,1398.7,1,0,0.703
CUST-1584,2,11,8,1,4,140.38,1,High,0,0.39,774.2,1,1,0.914
CUST-1585,6,26,12,1,1,145.92,2,Low,0,0.58,2277.0,0,0,0.848
CUST-1586,2,11,1,0,0,143.68,1,Low,0,0.16,1283.2,1,1,0.45
CUST-1587,9,11,6,1,3,67.31,2,Medium,0,0.24,1281.1,1,1,0.808
CUST-1588,2,11,6,1,2,110.67,4,Medium,0,0.28,1183.1,1,1,0.782
CUST-1589,7,29,9,1,0,90.44,3,Low,1,0.91,2107.9,0,0,0.84
CUST-1590,4,15,6,1,1,98.32,14,Low,1,0.44,1709.5,1,1,0.646
CUST-1591,5,21,7,1,3,144.63,6,Medium,0,0.65,2183.5,1,1,0.856
CUST-1592,7,12,5,0,1,204.98,13,Medium,0,0.56,1225.3,1,1,0.681
CUST-1593,6,24,7,0,2,201.74,5,Medium,0,0.45,1255.3,1,1,0.818
CUST-1594,5,16,5,1,3,156.04,1,Medium,0,0.11,932.0,1,1,0.786
CUST-1595,5,13,4,1,1,113.75,4,Low,0,0.13,1311.5,0,0,0.641
CUST-1596,10,42,11,0,0,140.29,11,Low,0,0.55,4953.8,1,0,0.35
CUST-1597,5,13,6,1,2,190.23,2,Medium,1,0.54,1419.5,1,1,0.933
CUST-1598,3,7,2,1,4,98.04,1,Medium,0,0.38,911.3,0,0,0.863
CUST-1599,5,8,2,0,4,137.6,3,High,0,0.38,788.6,1,1,0.891
CUST-1600,7,22,11,0,0,107.33,3,Low,0,0.09,1672.0,1,1,0.359
CUST-1601,15,32,11,0,1,97.33,3,Low,0,0.19,3207.1,1,1,0.694
CUST-1602,8,18,6,1,0,133.82,1,Low,1,0.51,1928.8,1,1,0.75
CUST-1603,4,13,8,1,4,114.03,2,Medium,0,0.32,1288.3,1,1,0.832
CUST-1604,15,47,20,1,1,157.63,7,Medium,1,0.54,5520.1,1,1,0.885
CUST-1605,6,14,3,1,7,114.82,3,High,0,0.44,1065.9,1,1,0.902
CUST-1606,6,26,9,0,0,128.23,7,Low,0,0.38,1346.9,0,0,0.382
CUST-1607,2,9,6,1,2,67.27,5,Low,1,0.17,1155.9,0,0,0.758
CUST-1608,12,49,16,0,4,194.15,5,High,0,0.32,2850.2,1,1,0.851
CUST-1609,11,44,14,1,0,195.78,2,Low,0,0.35,4330.7,1,1,0.515
CUST-1610,4,20,5,1,0,90.37,5,Low,1,0.43,2332.0,1,1,0.613
CUST-1611,10,34,9,0,1,94.27,1,Low,0,0.27,2385.4,1,1,0.772
CUST-1612,7,17,7,1,3,148.09,4,Medium,1,0.54,1925.7,1,1,0.917
CUST-1613,6,16,7,1,0,109.17,6,Low,0,0.73,1156.1,1,0,0.584
CUST-1614,22,24,13,1,2,155.36,2,Medium,0,0.24,2641.8,1,1,0.808
CUST-1615,2,6,3,1,0,247.17,2,Low,0,0.8,412.6,0,0,0.723
CUST-1616,11,11,3,1,4,92.49,2,Medium,1,0.52,1162.7,1,1,0.931
CUST-1617,6,9,1,1,6,200.91,1,High,0,0.25,933.4,1,1,0.889
CUST-1618,1,8,6,1,0,84.98,3,Low,0,0.19,726.6,1,0,0.406
CUST-1619,6,20,6,0,1,98.1,24,Low,0,0.69,2080.8,1,0,0.332
CUST-1620,4,4,1,1,0,148.65,3,Low,0,0.12,594.7,1,0,0.373
CUST-1621,3,6,4,1,1,178.07,4,Medium,0,0.38,717.2,0,0,0.815
CUST-1622,3,4,2,1,2,243.8,7,Medium,0,0.37,592.6,1,1,0.75
CUST-1623,5,16,4,1,2,281.12,7,High,1,0.37,1302.4,0,0,0.9
CUST-1624,13,28,13,1,2,119.79,18,Medium,0,0.57,2527.8,1,1,0.545
CUST-1625,2,4,4,1,8,136.94,12,High,0,0.24,404.6,1,1,0.677
CUST-1626,14,28,6,1,2,159.02,10,Medium,0,0.32,3448.3,1,1,0.655
CUST-1627,10,41,18,0,4,134.2,19,High,0,0.46,2182.3,0,0,0.584
CUST-1628,7,16,5,0,2,119.21,2,Medium,1,0.45,1205.6,1,1,0.921
CUST-1629,6,25,9,0,1,105.89,6,Low,0,0.66,1816.2,1,1,0.802
CUST-1630,8,36,17,1,0,179.16,14,Low,0,0.19,2838.0,1,0,0.154
CUST-1631,8,10,6,1,0,244.65,6,Low,0,0.52,1214.8,1,1,0.48
CUST-1632,3,6,1,0,4,63.34,23,Medium,1,0.38,467.9,1,0,0.45
CUST-1633,7,16,4,1,4,123.69,1,Medium,1,0.46,1960.6,1,1,0.931
CUST-1634,11,36,9,0,0,64.08,4,Low,0,0.32,2794.1,1,1,0.44
CUST-1635,5,10,4,1,0,174.42,23,Low,0,0.58,1252.0,1,0,0.119
CUST-1636,12,16,2,1,0,97.01,3,Low,0,0.31,1384.5,1,0,0.465
CUST-1637,4,10,3,0,2,229.55,9,Medium,0,0.54,811.4,1,1,0.769
CUST-1638,8,10,1,0,1,128.06,1,Low,0,0.5,873.6,1,1,0.843
CUST-1639,3,7,2,0,0,175.45,8,Low,1,0.31,598.3,1,1,0.465
CUST-1640,11,35,7,0,2,91.52,17,Medium,0,0.78,2422.0,1,1,0.673
CUST-1641,6,13,6,1,1,145.92,3,Low,1,0.49,1009.3,1,1,0.883
CUST-1642,8,25,7,1,5,145.19,1,High,0,0.23,1555.7,1,0,0.885
CUST-1643,13,39,12,0,5,163.54,1,High,1,0.43,2810.4,1,1,0.954
CUST-1644,3,9,5,1,1,102.53,14,Low,0,0.23,966.9,1,0,0.397
CUST-1645,5,20,8,1,4,220.64,8,High,0,0.53,1635.3,1,1,0.858
CUST-1646,12,38,11,1,0,159.29,1,Low,1,0.62,3877.5,1,1,0.789
CUST-1647,7,8,1,1,0,239.37,1,Low,0,0.22,1078.2,1,1,0.48
CUST-1648,4,4,2,1,2,68.0,10,Low,0,0.08,357.3,1,0,0.44
CUST-1649,7,22,7,1,2,146.48,10,Medium,1,0.08,1911.3,1,1,0.681
CUST-1650,9,38,15,0,5,125.86,1,High,0,0.72,2320.2,0,0,0.953
CUST-1651,13,26,9,0,7,283.95,3,High,0,0.41,2042.4,0,0,0.897
CUST-1652,5,17,5,1,5,180.97,10,High,1,0.46,1798.4,1,1,0.883
CUST-1653,2,5,2,1,1,135.17,5,Low,1,0.32,421.9,1,1,0.808
CUST-1654,3,4,2,1,1,176.07,19,Medium,1,0.26,388.9,1,1,0.51
CUST-1655,9,23,11,1,3,112.17,4,Medium,0,0.1,1825.6,1,1,0.715
CUST-1656,1,3,0,0,8,166.44,7,High,1,0.7,477.6,1,1,0.946
CUST-1657,6,20,7,1,1,354.76,5,Medium,1,0.17,1941.6,1,1,0.823
CUST-1658,4,12,1,1,2,105.4,18,Medium,1,0.45,1525.5,1,0,0.632
CUST-1659,2,6,2,1,0,145.39,4,Low,1,0.64,835.2,0,0,0.731
CUST-1660,3,12,6,1,0,95.28,2,Low,0,0.31,740.9,1,1,0.495
CUST-1661,7,31,10,1,0,87.71,3,Low,0,0.21,1590.5,1,1,0.416
CUST-1662,4,20,10,1,5,201.85,12,High,1,0.54,1621.7,1,1,0.874
CUST-1663,5,19,7,1,2,78.02,5,Medium,1,0.27,1766.2,1,0,0.851
CUST-1664,4,17,9,1,0,165.29,3,Low,0,0.19,1454.7,1,1,0.406
CUST-1665,4,10,5,0,0,196.34,5,Low,1,0.19,612.5,1,1,0.495
CUST-1666,5,17,4,1,2,114.32,1,Medium,1,0.26,989.3,0,0,0.9
CUST-1667,7,8,2,0,4,235.63,1,High,1,0.1,467.1,0,0,0.915
CUST-1668,4,15,5,1,1,226.38,2,Medium,1,0.05,1704.5,1,0,0.84
CUST-1669,8,19,5,0,2,114.03,6,Medium,1,0.08,2324.1,0,0,0.776
CUST-1670,8,34,12,1,1,72.22,8,Low,1,0.38,1987.8,1,0,0.769
CUST-1671,12,37,13,0,0,170.97,11,Low,1,0.05,2382.0,1,0,0.265
CUST-1672,7,31,15,1,1,133.3,16,Low,0,0.05,1670.2,1,0,0.265
CUST-1673,3,9,3,0,6,149.3,4,High,0,0.31,1156.9,0,0,0.863
CUST-1674,8,19,8,1,4,170.16,9,High,0,0.57,2346.0,1,1,0.853
CUST-1675,6,20,10,1,2,65.97,1,Low,0,0.34,1355.5,1,0,0.796
CUST-1676,6,25,12,0,0,111.11,1,Low,0,0.3,1778.5,0,0,0.52
CUST-1677,7,31,9,1,5,270.68,1,High,1,0.22,2386.7,1,1,0.932
CUST-1678,9,21,7,0,0,151.35,4,Low,1,0.4,1877.2,1,1,0.627
CUST-1679,14,44,14,1,3,175.26,2,High,0,0.46,4348.6,1,1,0.915
CUST-1680,9,12,4,1,1,145.59,3,Low,1,0.53,1045.7,1,1,0.891
CUST-1681,7,23,7,0,0,172.96,7,Low,0,0.32,2826.0,1,1,0.354
CUST-1682,2,5,3,1,5,224.27,3,High,0,0.49,338.6,1,1,0.911
CUST-1683,5,8,3,1,1,49.83,5,Low,1,0.03,984.9,1,1,0.703
CUST-1684,6,13,5,0,1,190.64,4,Medium,0,0.06,1038.3,1,1,0.698
CUST-1685,8,26,14,0,5,134.16,2,High,1,0.48,1975.8,0,0,0.953
CUST-1686,6,8,1,0,1,205.17,1,Medium,0,0.3,847.2,0,0,0.843
CUST-1687,13,30,10,1,0,116.16,2,Low,0,0.46,3490.7,1,0,0.57
CUST-1688,2,9,4,1,3,114.05,1,Medium,1,0.17,954.7,1,1,0.883
CUST-1689,5,6,1,1,0,76.54,6,Low,0,0.45,672.8,1,0,0.445
CUST-1690,6,8,3,1,0,135.76,10,Low,1,0.69,933.0,1,1,0.594
CUST-1691,6,15,4,0,5,74.15,3,Medium,0,0.36,1155.9,0,0,0.826
CUST-1692,7,29,13,1,0,130.41,3,Low,0,0.45,3069.2,1,1,0.535
CUST-1693,9,10,3,1,0,149.21,11,Low,1,0.4,1164.7,1,1,0.421
CUST-1694,5,12,3,1,0,98.83,2,Low,1,0.19,1172.3,1,1,0.584
CUST-1695,10,11,4,0,1,62.29,1,Low,0,0.32,1104.9,1,0,0.789
CUST-1696,9,11,2,0,2,54.75,5,Low,0,0.1,1186.3,1,1,0.599
CUST-1697,6,8,2,1,1,85.76,7,Low,1,0.8,968.4,1,0,0.897
CUST-1698,13,53,18,1,2,52.75,6,Low,0,0.52,3767.1,1,1,0.754
CUST-1699,2,7,2,0,2,147.41,8,Medium,0,0.48,783.8,0,0,0.769
CUST-1700,15,47,17,1,3,359.26,1,High,1,0.4,5113.2,1,1,0.952
CUST-1701,9,37,14,1,7,75.87,4,High,0,0.82,2417.7,1,1,0.946
CUST-1702,5,22,8,1,0,398.87,2,Low,0,0.04,2316.7,1,0,0.364
CUST-1703,6,14,6,1,7,144.91,9,High,0,0.14,919.7,1,0,0.711
CUST-1704,6,9,2,1,1,158.48,13,Medium,1,0.62,516.9,1,1,0.815
CUST-1705,10,43,11,0,3,64.24,2,Medium,0,0.59,3948.7,1,1,0.895
CUST-1706,10,22,9,1,6,150.43,1,High,1,0.34,2531.7,1,0,0.946
CUST-1707,6,22,10,1,1,107.92,2,Low,0,0.75,1106.9,1,1,0.887
CUST-1708,13,43,13,0,8,262.94,1,High,0,0.48,4672.0,1,1,0.927
CUST-1709,5,16,5,0,0,54.78,3,Low,0,0.85,1507.1,1,1,0.719
CUST-1710,8,27,9,1,3,108.82,5,Medium,0,0.63,3050.8,1,1,0.865
CUST-1711,3,7,3,1,0,92.89,22,Low,0,0.46,863.1,1,0,0.107
CUST-1712,1,1,1,1,1,161.44,4,Medium,0,0.31,256.1,1,1,0.792
CUST-1713,19,41,9,1,2,39.57,2,Low,1,0.59,4334.7,1,1,0.912
CUST-1714,3,6,3,1,2,259.26,2,High,1,0.2,805.6,0,0,0.921
CUST-1715,12,36,8,1,2,158.58,2,Medium,0,0.25,2198.2,1,1,0.812
CUST-1716,5,20,7,1,2,153.67,2,Medium,1,0.35,1531.6,1,1,0.906
CUST-1717,4,20,9,1,1,77.69,9,Low,1,0.66,1413.3,1,1,0.838
CUST-1718,3,13,4,1,1,195.25,1,Medium,0,0.49,1399.1,0,0,0.887
CUST-1719,2,6,1,1,3,186.4,36,High,0,0.55,426.3,1,1,0.179
CUST-1720,22,68,32,1,1,233.42,5,Medium,1,0.55,4158.8,1,1,0.909
CUST-1721,9,20,10,1,1,120.03,5,Low,0,0.65,2351.1,0,0,0.818
CUST-1722,3,15,7,1,0,62.0,3,Low,0,0.38,1592.3,1,0,0.5
CUST-1723,4,6,2,1,0,100.81,8,Low,0,0.52,807.6,1,0,0.421
CUST-1724,3,14,3,1,2,208.59,4,Medium,0,0.45,890.4,0,0,0.835
CUST-1725,2,4,3,1,2,109.21,3,Medium,1,0.61,353.6,1,1,0.935
CUST-1726,5,18,6,1,3,311.37,2,High,1,0.35,1270.1,1,1,0.94
CUST-1727,5,12,6,0,2,197.38,16,Medium,0,0.28,662.4,0,0,0.46
CUST-1728,13,41,13,0,1,291.79,3,Medium,1,0.1,2752.6,1,1,0.838
CUST-1729,4,13,4,1,1,112.04,4,Low,0,0.31,1050.7,1,0,0.719
CUST-1730,1,4,4,0,7,167.92,3,High,1,0.25,351.0,0,0,0.92
CUST-1731,6,25,9,1,2,86.11,1,Medium,0,0.42,2241.8,1,1,0.872
CUST-1732,7,17,4,1,6,202.13,2,High,0,0.1,1293.2,1,1,0.84
CUST-1733,2,9,2,0,2,173.62,2,Medium,0,0.1,591.8,1,1,0.761
CUST-1734,10,24,8,1,1,192.37,8,Medium,0,0.21,2469.8,1,1,0.659
CUST-1735,4,6,0,0,1,116.8,4,Low,0,0.77,654.7,0,0,0.865
CUST-1736,3,4,1,1,2,147.64,10,Medium,0,0.29,581.3,1,1,0.641
CUST-1737,3,7,2,1,4,144.12,8,High,0,0.39,698.6,1,1,0.821
CUST-1738,15,33,14,1,3,117.06,2,Medium,0,0.67,3962.5,1,1,0.909
CUST-1739,7,16,5,1,4,151.68,5,High,1,0.39,1903.3,1,1,0.923
CUST-1740,15,30,16,1,0,163.72,9,Low,0,0.42,2643.9,1,0,0.345
CUST-1741,5,18,4,1,1,177.27,7,Medium,1,0.22,1566.0,1,0,0.802
CUST-1742,10,41,15,1,1,115.74,6,Low,1,0.74,1960.7,1,1,0.897
CUST-1743,9,27,6,0,4,197.23,9,High,0,0.27,2768.3,1,1,0.761
CUST-1744,1,10,4,0,2,191.46,1,Medium,0,0.27,1036.2,0,0,0.835
CUST-1745,12,49,26,1,0,178.81,8,Low,1,0.48,5682.8,1,1,0.55
CUST-1746,3,16,7,1,3,204.14,2,High,0,0.56,1473.1,1,1,0.93
CUST-1747,4,15,5,0,0,128.45,6,Low,1,0.33,1846.2,0,0,0.535
CUST-1748,12,27,9,1,1,80.41,2,Low,1,0.19,2978.5,1,1,0.823
CUST-1749,1,6,3,1,5,191.81,11,High,0,0.28,827.8,1,0,0.719
CUST-1750,7,24,12,1,3,106.52,4,Medium,0,0.38,1794.9,1,1,0.815
CUST-1751,2,9,7,0,4,63.63,7,Medium,0,0.49,567.4,0,0,0.792
CUST-1752,19,19,6,1,2,107.89,10,Medium,1,0.23,2043.0,1,1,0.743
CUST-1753,6,7,5,1,1,150.16,14,Medium,1,0.96,779.6,1,1,0.885
CUST-1754,18,55,16,1,2,250.06,8,High,1,0.79,3520.2,1,0,0.949
CUST-1755,2,8,2,1,2,164.36,1,Medium,0,0.35,952.9,1,1,0.856
CUST-1756,6,19,4,1,0,203.59,12,Low,0,0.18,1802.1,1,0,0.185
CUST-1757,3,12,3,1,0,189.93,6,Low,0,0.16,716.9,1,1,0.31
CUST-1758,3,6,3,1,1,160.81,6,Medium,1,0.76,590.8,1,0,0.931
CUST-1759,5,20,9,1,1,123.83,16,Low,0,0.59,2340.1,1,0,0.515
CUST-1760,8,10,5,1,2,85.96,2,Medium,0,0.1,1009.6,1,1,0.761
CUST-1761,9,10,4,0,1,328.8,2,Medium,1,0.57,1184.8,1,1,0.937
CUST-1762,13,17,6,0,4,109.26,5,Medium,0,0.22,925.1,0,0,0.739
CUST-1763,3,9,4,1,1,122.74,9,Low,0,0.21,1014.6,1,0,0.535
CUST-1764,3,14,4,1,3,132.6,4,Medium,0,0.54,1729.8,1,1,0.858
CUST-1765,4,12,6,1,3,107.96,7,Medium,0,0.32,1058.2,1,1,0.731
CUST-1766,2,4,2,1,2,174.91,4,Medium,1,0.72,345.3,1,0,0.94
CUST-1767,12,52,20,0,11,108.83,6,High,0,0.63,4974.4,0,0,0.904
CUST-1768,7,8,3,1,0,121.48,11,Low,0,0.44,950.3,1,0,0.302
CUST-1769,14,30,14,1,3,105.02,2,Medium,0,0.11,1788.9,1,1,0.765
CUST-1770,6,24,7,0,1,120.28,8,Low,0,0.34,1920.8,1,0,0.627
CUST-1771,11,35,11,0,1,78.61,10,Low,0,0.22,2153.2,1,0,0.51
CUST-1772,2,8,4,1,0,70.03,4,Low,0,0.3,825.1,0,0,0.43
CUST-1773,13,17,6,1,5,274.02,3,High,0,0.59,1485.7,1,0,0.926
CUST-1774,13,14,7,1,0,204.09,1,Low,0,0.38,1667.5,0,0,0.56
CUST-1775,6,29,9,0,0,254.64,10,Low,1,0.29,2319.7,1,0,0.397
CUST-1776,9,19,6,0,0,264.93,3,Low,0,0.28,1820.2,1,1,0.45
CUST-1777,17,17,8,1,1,91.16,3,Low,1,0.17,2066.9,1,1,0.799
CUST-1778,6,27,9,1,0,249.66,3,Low,0,0.25,2024.9,1,0,0.435
CUST-1779,2,5,2,1,2,219.96,5,Medium,0,0.44,609.5,1,1,0.815
CUST-1780,2,5,1,1,1,119.82,8,Low,1,0.59,569.0,1,1,0.835
CUST-1781,4,8,2,1,1,163.64,9,Medium,0,0.25,599.2,1,1,0.65
CUST-1782,8,32,12,1,3,200.98,3,High,0,0.54,1871.5,1,1,0.918
CUST-1783,7,8,1,1,2,181.93,7,Medium,0,0.36,783.6,1,1,0.746
CUST-1784,6,20,10,0,0,133.06,8,Low,0,0.66,1470.6,1,1,0.49
CUST-1785,16,33,14,1,1,151.17,3,Medium,0,0.49,2285.4,1,1,0.861
CUST-1786,8,20,5,1,0,172.21,1,Low,0,0.4,2497.0,0,0,0.57
CUST-1787,18,55,21,1,5,118.16,14,High,1,0.5,4588.3,1,0,0.835
CUST-1788,4,20,8,0,0,180.64,7,Low,1,0.55,2350.7,1,0,0.613
CUST-1789,4,12,3,1,1,100.87,7,Low,1,0.36,824.1,1,1,0.782
CUST-1790,5,15,4,0,2,253.27,1,High,0,0.83,1897.5,1,1,0.962
CUST-1791,10,22,7,1,1,215.41,11,Medium,0,0.19,2466.1,1,0,0.565
CUST-1792,8,36,14,0,1,202.83,6,Medium,1,0.45,3863.0,1,1,0.879
CUST-1793,13,17,7,0,4,167.01,12,High,0,0.53,1349.0,0,0,0.789
CUST-1794,3,10,4,1,1,156.04,23,Medium,1,0.55,864.4,1,1,0.535
CUST-1795,11,36,15,0,5,219.04,19,High,0,0.15,3368.3,1,0,0.43
CUST-1796,14,57,22,1,5,82.36,12,Medium,0,0.85,6046.9,1,1,0.812
CUST-1797,6,19,7,1,0,95.28,1,Low,1,0.21,2234.2,1,0,0.622
CUST-1798,9,37,15,1,5,182.6,14,High,1,0.57,1942.8,1,1,0.853
CUST-1799,1,3,1,1,1,138.62,1,Low,1,0.45,471.7,1,1,0.898
CUST-1800,16,67,28,0,2,108.16,12,Medium,1,0.59,7904.3,1,1,0.823
CUST-1801,6,9,4,0,2,226.43,2,Medium,1,0.35,935.0,0,0,0.906
CUST-1802,15,60,24,1,3,149.31,6,Medium,0,0.14,3580.7,1,1,0.681
CUST-1803,7,21,8,1,1,163.42,1,Medium,1,0.63,2352.3,0,0,0.95
CUST-1804,8,8,2,1,3,228.92,9,High,1,0.41,746.1,1,1,0.885
CUST-1805,2,7,3,1,0,132.16,1,Low,0,0.45,778.6,1,1,0.594
CUST-1806,2,4,1,1,1,313.5,4,Medium,0,0.07,504.7,1,1,0.703
CUST-1807,6,27,11,0,6,85.85,11,High,1,0.78,1460.5,1,1,0.927
CUST-1808,6,26,9,1,2,225.81,8,Medium,0,0.16,2502.0,0,0,0.636
CUST-1809,3,15,7,1,0,111.24,1,Low,0,0.26,1304.6,1,0,0.5
CUST-1810,3,9,4,0,1,209.95,4,Medium,0,0.43,1183.6,0,0,0.829
CUST-1811,8,20,8,1,4,101.66,1,Medium,0,0.47,1377.4,1,1,0.883
CUST-1812,7,9,2,1,4,69.65,7,Medium,0,0.57,576.3,1,1,0.818
CUST-1813,10,21,12,1,5,211.17,21,High,1,0.19,2392.3,1,1,0.54
CUST-1814,8,34,15,1,0,120.14,7,Low,1,0.85,1972.1,1,1,0.743
CUST-1815,7,16,7,0,1,71.0,2,Low,0,0.31,1629.9,1,1,0.765
CUST-1816,6,14,4,1,1,215.59,3,Medium,1,0.55,1066.2,0,0,0.927
CUST-1817,7,22,8,1,0,155.57,23,Low,0,0.28,2104.8,1,1,0.069
CUST-1818,6,7,1,1,5,119.95,2,High,0,0.72,721.7,1,1,0.948
CUST-1819,10,10,4,1,8,167.25,5,High,0,0.25,801.4,1,0,0.832
CUST-1820,6,6,1,0,2,131.72,4,Medium,1,0.32,768.0,1,1,0.877
CUST-1821,4,10,4,0,2,124.61,9,Medium,0,0.59,713.6,1,1,0.786
CUST-1822,11,45,17,0,2,199.97,13,Medium,0,0.66,3480.9,0,0,0.723
CUST-1823,9,34,11,1,4,156.36,3,High,0,0.52,2776.0,1,0,0.915
CUST-1824,3,4,1,1,2,98.7,7,Medium,1,0.37,417.9,1,1,0.846
CUST-1825,1,3,2,1,5,140.42,5,High,1,0.39,276.9,1,1,0.923
CUST-1826,4,17,4,1,2,198.66,2,Medium,0,0.59,935.6,1,1,0.895
CUST-1827,13,41,17,1,5,84.39,2,Medium,0,0.68,4916.9,1,1,0.911
CUST-1828,10,34,9,1,1,235.47,5,Medium,1,0.29,2652.5,1,1,0.856
CUST-1829,3,5,0,0,1,153.89,2,Medium,1,0.09,480.0,1,0,0.851
CUST-1830,9,10,2,1,0,148.59,10,Low,0,0.14,892.5,1,0,0.211
CUST-1831,9,37,15,1,4,151.95,1,High,1,0.61,2377.7,1,1,0.968
CUST-1832,8,17,5,1,1,280.0,1,Medium,1,0.41,952.1,1,1,0.924
CUST-1833,10,40,17,1,1,140.84,3,Low,0,0.28,2371.0,1,0,0.731
CUST-1834,4,8,3,1,0,120.67,1,Low,0,0.25,496.5,1,1,0.495
CUST-1835,14,57,13,1,5,408.93,4,High,0,0.74,3589.1,1,1,0.937
CUST-1836,1,5,2,1,1,132.87,4,Low,1,0.64,416.5,1,1,0.9
CUST-1837,7,24,6,1,4,211.12,8,High,0,0.45,2240.5,1,1,0.838
CUST-1838,3,12,6,0,0,185.94,19,Low,0,0.58,1184.7,1,0,0.179
CUST-1839,9,29,8,1,0,141.82,9,Low,1,0.49,1460.0,1,0,0.525
CUST-1840,8,26,8,1,1,341.85,2,Medium,1,0.31,3034.4,1,1,0.898
CUST-1841,3,6,3,1,2,179.27,17,Medium,0,0.49,741.1,1,0,0.535
CUST-1842,3,5,4,1,6,92.79,3,High,0,0.38,619.2,1,1,0.891
CUST-1843,10,20,6,0,0,50.82,4,Low,0,0.69,1481.8,0,0,0.622
CUST-1844,3,9,5,1,1,187.03,4,Medium,1,0.51,974.9,1,1,0.912
CUST-1845,2,6,1,1,2,124.56,2,Medium,1,0.53,404.8,1,1,0.932
CUST-1846,11,26,11,0,3,68.49,14,Medium,0,0.37,2897.4,1,1,0.565
CUST-1847,6,26,10,1,3,134.99,3,Medium,0,0.46,1632.5,1,1,0.853
CUST-1848,1,3,0,0,1,192.64,6,Medium,1,0.56,365.9,0,0,0.9
CUST-1849,3,12,3,1,0,130.57,2,Low,0,0.5,1031.8,0,0,0.589
CUST-1850,6,20,5,1,2,138.74,10,Medium,0,0.63,1890.1,0,0,0.779
CUST-1851,7,23,7,0,3,48.49,9,Low,0,0.55,2172.4,1,1,0.694
CUST-1852,5,20,5,1,1,187.2,3,Medium,1,0.44,1199.0,1,1,0.911
CUST-1853,7,14,6,1,3,61.24,7,Medium,0,0.39,1120.3,1,1,0.758
CUST-1854,5,19,12,1,0,107.68,8,Low,0,0.47,2275.5,1,0,0.397
CUST-1855,5,16,2,1,1,159.96,5,Medium,0,0.53,1935.2,1,1,0.84
CUST-1856,9,29,10,1,3,97.71,6,Medium,1,0.22,2686.0,1,0,0.821
CUST-1857,9,28,10,1,8,106.93,6,High,0,0.35,2617.5,1,1,0.843
CUST-1858,8,9,5,1,0,73.01,1,Low,0,0.12,584.8,1,1,0.43
CUST-1859,5,11,4,1,3,156.71,7,Medium,1,0.5,706.2,1,1,0.877
CUST-1860,12,26,9,0,0,162.33,4,Low,1,0.31,1714.8,1,0,0.584
CUST-1861,7,31,11,1,3,143.75,4,Medium,1,0.23,2567.1,0,0,0.856
CUST-1862,4,6,1,1,0,46.04,12,Low,0,0.36,658.4,0,0,0.246
CUST-1863,2,9,1,1,9,54.53,1,Medium,1,0.15,880.0,1,1,0.879
CUST-1864,14,43,14,0,6,211.05,2,High,0,0.16,2469.1,1,1,0.856
CUST-1865,3,14,2,0,2,118.77,1,Medium,0,0.28,1232.1,1,1,0.838
CUST-1866,12,37,13,0,0,368.33,1,Low,0,0.23,2239.6,0,0,0.485
CUST-1867,3,12,3,1,1,157.06,2,Medium,0,0.48,1304.0,0,0,0.872
CUST-1868,7,16,6,0,0,310.82,27,Low,0,0.1,982.3,1,0,0.031
CUST-1869,6,13,3,1,2,129.68,2,Medium,0,0.38,1224.3,1,0,0.848
CUST-1870,3,9,5,1,0,112.1,7,Low,1,0.12,980.3,1,0,0.401
CUST-1871,5,13,7,1,2,188.26,1,Medium,0,0.71,909.7,1,1,0.924
CUST-1872,9,22,6,0,0,229.84,6,Low,0,0.25,1294.9,1,1,0.35
CUST-1873,9,9,3,0,0,130.0,25,Low,0,0.31,872.8,0,0,0.058
CUST-1874,3,10,4,0,0,185.55,3,Low,1,0.64,648.8,1,1,0.754
CUST-1875,5,22,5,0,5,61.41,12,Medium,0,0.13,2119.2,1,0,0.505
CUST-1876,7,23,7,1,4,92.73,37,Medium,0,0.53,2399.7,0,0,0.102
CUST-1877,7,14,4,1,3,169.68,6,High,0,0.73,1020.0,1,1,0.92
CUST-1878,9,10,6,1,0,119.15,3,Low,1,0.36,992.6,1,1,0.636
CUST-1879,9,40,17,0,0,159.79,7,Low,0,0.2,4680.2,1,0,0.302
CUST-1880,8,34,12,1,6,170.91,12,High,0,0.17,2761.7,0,0,0.646
CUST-1881,10,33,12,0,8,184.24,2,High,0,0.51,4056.3,1,1,0.923
CUST-1882,6,26,13,1,0,209.04,4,Low,1,0.35,1599.0,0,0,0.603
CUST-1883,14,63,28,1,0,211.26,3,Low,0,0.05,6331.1,1,0,0.341
CUST-1884,4,18,10,1,0,83.42,2,Low,1,0.43,1862.5,1,0,0.694
CUST-1885,17,71,20,1,1,131.19,12,Low,0,0.43,8007.3,1,0,0.555
CUST-1886,3,3,0,0,1,129.32,4,Low,1,0.26,326.8,0,0,0.808
CUST-1887,6,20,8,1,3,137.39,3,Medium,0,0.57,1355.1,1,1,0.879
CUST-1888,13,29,10,1,4,124.29,6,Medium,1,0.03,1729.3,0,0,0.758
CUST-1889,13,55,12,1,3,141.43,2,Medium,0,0.52,6387.9,1,1,0.881
CUST-1890,10,13,2,1,3,105.38,2,Medium,0,0.61,1059.1,1,1,0.898
CUST-1891,8,27,12,1,2,203.06,5,Medium,0,0.67,3207.9,1,1,0.874
CUST-1892,3,7,4,1,2,171.03,4,Medium,0,0.57,562.1,1,1,0.865
CUST-1893,7,23,7,0,2,104.88,3,Medium,1,0.34,1420.5,1,1,0.893
CUST-1894,4,6,4,1,0,142.66,1,Low,0,0.42,439.8,0,0,0.579
CUST-1895,2,3,1,1,7,296.93,5,High,1,0.21,419.7,1,1,0.893
CUST-1896,5,6,3,1,4,85.63,11,Medium,0,0.27,700.9,1,0,0.603
CUST-1897,6,27,9,1,0,94.2,12,Low,1,0.31,2051.9,1,0,0.35
CUST-1898,6,10,2,1,4,207.15,2,High,0,0.48,1237.7,1,1,0.918
CUST-1899,3,7,2,1,2,268.36,6,High,0,0.07,532.6,1,1,0.754
CUST-1900,7,28,9,1,2,162.68,12,Medium,0,0.41,2819.4,1,0,0.641
CUST-1901,6,20,7,1,0,146.7,4,Low,1,0.36,2174.6,1,1,0.608
CUST-1902,8,17,4,1,0,78.19,17,Low,1,0.7,1242.9,1,0,0.392
CUST-1903,7,30,17,0,3,114.62,14,Medium,0,0.5,1484.2,0,0,0.627
CUST-1904,4,7,2,0,2,111.89,2,Medium,0,0.12,562.7,1,0,0.769
CUST-1905,2,8,2,1,1,115.14,2,Low,0,0.47,480.1,1,1,0.818
CUST-1906,11,11,4,1,1,99.39,2,Low,0,0.56,1335.9,1,0,0.843
CUST-1907,6,13,5,1,1,75.83,2,Low,0,0.43,1634.9,1,1,0.805
CUST-1908,4,9,3,1,2,189.1,15,Medium,0,0.34,971.3,1,0,0.52
CUST-1909,4,16,7,0,0,167.16,17,Low,0,0.49,1737.1,1,0,0.188
CUST-1910,5,14,5,0,0,75.95,1,Low,1,0.54,927.7,0,0,0.761
CUST-1911,13,40,15,1,3,143.5,6,Medium,1,0.89,2135.8,1,1,0.946
CUST-1912,3,14,6,1,1,122.06,5,Low,0,0.7,1595.7,1,1,0.832
CUST-1913,3,9,1,1,2,282.71,3,High,1,0.52,843.5,1,1,0.952
CUST-1914,3,7,3,1,3,239.39,6,High,0,0.4,826.8,1,1,0.856
CUST-1915,8,24,11,0,4,281.94,18,High,1,0.13,2605.7,0,0,0.599
CUST-1916,2,7,0,0,2,113.84,2,Medium,0,0.46,656.8,0,0,0.868
CUST-1917,3,8,2,1,2,57.5,1,Low,1,0.31,551.4,1,1,0.87
CUST-1918,1,4,3,1,0,82.15,1,Low,0,0.63,585.0,1,1,0.677
CUST-1919,4,9,3,1,3,114.82,3,Medium,0,0.22,845.4,1,1,0.782
CUST-1920,6,8,3,1,0,126.12,3,Low,1,0.47,943.4,1,1,0.686
CUST-1921,9,13,8,1,1,284.79,4,Medium,0,0.7,1077.5,1,1,0.893
CUST-1922,8,30,8,1,2,202.53,5,Medium,0,0.47,1878.9,1,1,0.823
CUST-1923,1,2,0,0,2,167.28,9,Medium,0,0.58,170.5,1,1,0.782
CUST-1924,5,16,8,0,2,240.98,3,Medium,1,0.57,1791.6,1,1,0.93
CUST-1925,11,34,15,1,3,180.05,3,High,0,0.84,3087.0,1,1,0.953
CUST-1926,8,26,9,0,9,197.2,11,High,0,0.35,2123.8,0,0,0.746
CUST-1927,4,4,1,1,3,122.09,12,Medium,0,0.14,383.2,1,1,0.51
CUST-1928,6,15,7,0,1,68.35,2,Low,1,0.14,1387.1,1,0,0.808
CUST-1929,7,19,8,0,4,61.64,3,Medium,0,0.12,1370.2,0,0,0.746
CUST-1930,13,40,12,1,5,62.14,11,Medium,1,0.28,2978.2,0,0,0.739
CUST-1931,8,12,1,0,2,187.99,1,Medium,0,0.49,922.3,1,0,0.887
CUST-1932,9,20,7,1,0,96.01,3,Low,0,0.43,1650.5,1,1,0.525
CUST-1933,10,42,18,1,8,122.5,4,High,0,0.43,3639.2,1,1,0.889
CUST-1934,9,21,10,1,2,72.64,2,Low,0,0.36,1374.9,1,1,0.782
CUST-1935,1,5,4,0,0,226.96,2,Low,1,0.85,531.0,0,0,0.84
CUST-1936,5,24,11,0,5,140.24,4,High,0,0.46,1901.7,0,0,0.895
CUST-1937,3,5,2,1,0,156.43,9,Low,1,0.62,395.3,1,0,0.589
CUST-1938,17,75,26,1,1,163.43,12,Medium,0,0.35,9131.1,1,1,0.613
CUST-1939,8,33,14,1,1,172.43,24,Medium,0,0.48,1844.0,1,0,0.327
CUST-1940,4,14,6,0,1,232.3,1,Medium,0,0.3,1414.0,1,1,0.843
CUST-1941,7,17,6,1,4,190.91,2,High,1,0.09,1056.5,1,1,0.904
CUST-1942,5,6,1,0,3,87.67,9,Medium,1,0.37,763.8,1,1,0.812
CUST-1943,9,37,17,1,2,93.81,5,Medium,0,0.3,4335.5,1,1,0.769
CUST-1944,2,9,3,1,1,409.28,3,Medium,1,0.35,737.2,1,1,0.895
CUST-1945,4,10,3,1,0,213.76,2,Low,0,0.3,1205.5,0,0,0.49
CUST-1946,4,17,7,0,0,345.67,2,Low,1,0.17,1201.7,0,0,0.574
CUST-1947,17,55,21,1,2,126.56,4,Medium,1,0.21,3174.6,0,0,0.851
CUST-1948,5,17,4,0,1,267.9,2,Medium,1,0.17,1243.6,1,1,0.87
CUST-1949,16,49,20,1,5,174.99,20,High,1,0.32,3513.9,1,0,0.632
CUST-1950,8,10,3,1,1,160.87,1,Medium,1,0.02,871.5,1,1,0.848
CUST-1951,11,25,7,0,0,142.88,26,Low,1,0.26,1942.2,1,0,0.083
CUST-1952,9,37,12,0,4,201.15,12,High,0,0.49,2886.6,1,0,0.776
CUST-1953,4,8,4,0,4,178.52,4,High,0,0.49,860.4,1,1,0.9
CUST-1954,12,25,13,1,0,129.89,9,Low,1,0.35,1667.5,1,0,0.455
CUST-1955,6,24,10,1,0,107.26,7,Low,1,0.35,1216.9,1,1,0.515
CUST-1956,3,7,4,1,2,131.73,2,Medium,0,0.49,748.3,1,1,0.874
CUST-1957,5,7,1,1,1,141.07,3,Low,0,0.65,694.9,1,1,0.851
CUST-1958,4,17,3,0,1,117.34,5,Low,1,0.08,999.3,1,1,0.723
CUST-1959,10,44,16,1,1,92.22,7,Low,1,0.29,2527.4,1,1,0.758
CUST-1960,6,19,5,1,5,145.45,5,High,0,0.45,1690.6,1,1,0.881
CUST-1961,6,14,7,1,0,169.18,4,Low,0,0.31,937.1,0,0,0.435
CUST-1962,5,20,8,1,1,159.33,4,Medium,0,0.16,2354.6,1,1,0.739
CUST-1963,4,16,9,1,2,81.5,5,Medium,0,0.35,1021.2,1,1,0.786
CUST-1964,10,15,4,1,0,281.27,4,Low,1,0.52,839.0,1,0,0.681
CUST-1965,11,33,11,1,0,312.33,5,Low,1,0.86,2684.1,1,1,0.789
CUST-1966,4,16,6,1,2,186.52,14,Medium,0,0.64,1949.7,1,1,0.69
CUST-1967,2,3,0,1,0,203.33,7,Low,0,0.46,333.6,0,0,0.421
CUST-1968,5,20,7,1,5,156.9,8,High,1,0.39,1582.8,1,1,0.893
CUST-1969,8,33,11,1,1,165.09,6,Medium,0,0.63,1595.5,1,1,0.851
CUST-1970,6,25,8,0,2,59.9,7,Low,0,0.42,2103.9,1,1,0.69
CUST-1971,3,6,2,0,2,135.26,6,Medium,1,0.52,532.3,0,0,0.893
CUST-1972,15,31,5,0,0,136.17,1,Low,1,0.22,3029.7,1,1,0.627
CUST-1973,2,9,3,0,4,307.86,47,High,0,0.2,845.7,1,0,0.028
CUST-1974,7,31,10,1,1,123.4,1,Low,1,0.37,2063.2,1,1,0.883
CUST-1975,5,12,0,0,1,279.13,4,Medium,0,0.11,672.8,0,0,0.719
CUST-1976,2,11,3,1,2,142.76,1,Medium,0,0.26,1237.0,1,1,0.832
CUST-1977,5,16,4,1,0,115.41,1,Low,0,0.45,1565.5,1,1,0.594
CUST-1978,6,24,8,0,4,61.74,10,Medium,0,0.42,2667.0,1,1,0.698
CUST-1979,7,21,5,1,1,163.9,4,Medium,0,0.37,1514.8,1,1,0.812
CUST-1980,7,15,5,0,3,98.31,10,Medium,0,0.03,1455.8,1,1,0.515
CUST-1981,8,14,6,0,2,65.77,2,Low,1,0.35,815.8,0,0,0.865
CUST-1982,5,10,4,1,0,185.96,2,Low,1,0.74,844.4,1,1,0.808
CUST-1983,10,45,18,0,0,166.82,2,Low,0,0.54,4291.0,0,0,0.608
CUST-1984,7,22,7,1,2,173.34,6,Medium,0,0.14,2515.4,1,1,0.681
CUST-1985,6,9,3,1,1,142.19,11,Low,0,0.82,757.2,1,1,0.754
CUST-1986,5,23,10,0,1,102.73,4,Low,0,0.3,2454.0,0,0,0.715
CUST-1987,5,7,2,1,1,86.38,3,Low,0,0.52,773.4,1,1,0.815
CUST-1988,11,13,5,0,9,263.36,22,High,1,0.39,1032.8,1,1,0.608
CUST-1989,9,38,13,1,2,192.84,1,Medium,0,0.37,4377.6,1,1,0.861
CUST-1990,3,8,2,1,1,215.09,5,Medium,0,0.16,758.7,1,1,0.715
CUST-1991,3,16,7,0,1,132.41,4,Low,0,0.14,1594.9,0,0,0.646
CUST-1992,2,10,2,1,1,96.8,1,Low,0,0.21,868.6,1,1,0.75
CUST-1993,15,31,10,1,3,91.96,2,Medium,1,0.22,2573.4,1,1,0.881
CUST-1994,9,29,8,1,4,146.8,1,High,0,0.29,3211.0,1,0,0.897
CUST-1995,5,23,7,0,0,98.73,13,Low,0,0.35,1585.0,1,0,0.221
CUST-1996,4,7,1,1,1,56.76,6,Low,1,0.67,513.8,1,1,0.883
CUST-1997,12,49,18,0,3,181.76,11,High,0,0.72,5508.6,1,1,0.861
CUST-1998,6,27,12,1,2,215.06,5,Medium,0,0.46,2936.8,1,1,0.821
CUST-1999,3,6,3,1,0,109.78,6,Low,1,0.74,569.9,1,1,0.723
CUST-2000,3,7,2,0,1,64.48,8,Low,1,0.74,565.6,1,0,0.872
CUST-2001,3,10,7,1,0,152.74,15,Low,0,0.28,996.3,1,0,0.162
CUST-2002,6,18,7,1,0,131.67,1,Low,0,0.19,962.1,1,1,0.465
CUST-2003,7,8,2,0,4,118.91,3,Medium,1,0.53,657.8,0,0,0.924
CUST-2004,6,14,7,0,3,171.78,8,High,0,0.29,757.2,0,0,0.789
CUST-2005,5,24,10,1,1,149.2,20,Low,0,0.67,2285.2,1,0,0.435
CUST-2006,2,11,5,1,3,168.85,24,High,0,0.41,635.7,1,0,0.411
CUST-2007,3,13,3,0,5,146.14,7,High,0,0.52,1327.9,1,1,0.87
CUST-2008,4,19,6,0,7,98.62,2,High,0,0.7,1920.2,0,0,0.946
CUST-2009,10,44,19,0,0,95.27,1,Low,0,0.41,3740.2,1,1,0.574
CUST-2010,9,11,4,1,2,142.3,18,Medium,1,0.26,751.4,1,1,0.54
CUST-2011,14,59,22,0,0,208.18,4,Low,0,0.46,3271.5,0,0,0.51
CUST-2012,5,21,8,1,2,147.79,2,Medium,0,0.15,1541.3,1,1,0.779
CUST-2013,11,22,10,1,2,104.14,17,Medium,0,0.42,1906.2,1,1,0.5
CUST-2014,6,25,7,1,1,152.44,1,Medium,1,0.48,2420.2,1,1,0.933
CUST-2015,16,49,18,1,3,155.2,8,Medium,0,0.33,2304.9,1,1,0.711
CUST-2016,6,9,2,1,0,99.08,6,Low,0,0.53,1042.3,1,1,0.485
CUST-2017,5,6,3,1,1,310.29,1,Medium,0,0.28,636.9,1,1,0.838
CUST-2018,4,8,4,1,1,203.47,3,Medium,0,0.57,741.5,1,0,0.879
CUST-2019,2,10,1,1,5,132.69,1,High,1,0.6,846.5,1,1,0.967
CUST-2020,9,37,14,1,1,299.71,6,Medium,0,0.76,4145.0,1,1,0.881
CUST-2021,5,6,2,1,2,164.26,4,Medium,0,0.4,741.8,1,1,0.821
CUST-2022,11,34,9,1,5,158.24,1,High,1,0.33,4134.6,1,1,0.945
CUST-2023,16,35,12,1,2,251.61,23,High,0,0.74,2620.4,1,0,0.603
CUST-2024,5,23,6,1,8,204.13,3,High,0,0.39,2765.7,0,0,0.893
CUST-2025,10,32,11,1,1,174.72,2,Medium,0,0.38,1735.2,1,0,0.848
CUST-2026,3,14,4,0,0,117.32,2,Low,1,0.27,1211.9,1,0,0.622
CUST-2027,13,30,12,0,1,141.35,2,Low,0,0.78,2431.8,1,1,0.893
CUST-2028,5,16,7,0,3,131.64,43,Medium,0,0.57,1313.9,1,0,0.056
CUST-2029,14,58,21,1,0,105.06,3,Low,0,0.61,5411.0,1,1,0.613
CUST-2030,5,17,2,1,4,355.51,4,High,0,0.82,1112.8,1,1,0.946
CUST-2031,7,9,5,1,2,204.9,13,Medium,1,0.37,1067.8,1,1,0.727
CUST-2032,2,11,5,0,2,129.36,7,Medium,1,0.75,986.4,0,0,0.921
CUST-2033,7,23,4,1,0,166.96,3,Low,1,0.69,2650.8,0,0,0.772
CUST-2034,7,8,4,1,1,132.3,14,Low,1,0.34,430.5,1,1,0.599
CUST-2035,8,19,5,1,1,97.43,9,Low,1,0.52,1809.1,1,1,0.796
CUST-2036,7,30,11,1,2,56.32,2,Low,0,0.8,2338.6,1,1,0.897
CUST-2037,13,54,19,0,3,173.31,7,High,0,0.31,4621.0,1,1,0.815
CUST-2038,3,10,3,0,6,143.42,16,High,0,0.6,1099.7,0,0,0.727
CUST-2039,7,7,4,0,4,229.75,5,High,0,0.18,525.0,1,1,0.812
CUST-2040,7,19,6,1,4,110.28,8,Medium,0,0.78,1322.0,1,1,0.858
CUST-2041,12,49,12,0,1,229.92,22,Medium,0,0.33,4885.6,0,0,0.314
CUST-2042,5,16,9,1,3,241.56,8,High,0,0.36,1514.8,1,1,0.812
CUST-2043,5,7,4,0,4,67.62,1,Medium,0,0.36,512.5,1,1,0.858
CUST-2044,10,11,5,1,2,215.86,2,Medium,1,0.21,984.4,1,1,0.879
CUST-2045,8,9,3,1,1,200.06,6,Medium,0,0.5,804.6,1,1,0.815
CUST-2046,5,10,2,1,1,137.15,2,Low,0,0.46,1080.5,1,1,0.815
CUST-2047,10,21,9,1,1,228.11,19,Medium,1,0.13,1066.8,1,0,0.445
CUST-2048,5,16,3,0,2,211.78,4,Medium,0,0.42,1491.3,1,1,0.826
CUST-2049,5,16,3,0,3,150.19,4,Medium,0,0.32,1595.9,1,1,0.796
CUST-2050,3,4,1,1,4,66.04,8,Medium,0,0.46,508.1,1,1,0.761
CUST-2051,6,18,4,1,5,126.52,5,High,1,0.78,2041.5,1,1,0.963
CUST-2052,5,13,1,1,4,217.2,3,High,1,0.51,1132.9,1,1,0.951
CUST-2053,2,7,2,0,2,163.04,1,Medium,0,0.23,644.5,1,1,0.823
CUST-2054,3,8,1,1,2,115.47,6,Medium,0,0.26,489.0,1,1,0.731
CUST-2055,4,13,3,1,3,145.76,13,Medium,0,0.7,949.1,1,1,0.739
CUST-2056,10,41,10,1,0,149.99,7,Low,0,0.39,2206.7,1,1,0.387
CUST-2057,10,21,6,1,1,95.84,3,Low,1,0.14,2385.9,1,0,0.789
CUST-2058,1,5,2,0,1,113.77,1,Low,1,0.1,569.1,0,0,0.815
CUST-2059,12,28,12,1,4,343.3,11,High,0,0.53,2306.9,1,1,0.808
CUST-2060,4,17,6,1,2,35.81,18,Low,1,0.7,1179.9,1,1,0.655
CUST-2061,7,29,10,0,8,145.0,3,High,0,0.11,1732.9,1,0,0.826
CUST-2062,14,42,9,1,2,217.2,8,Medium,1,0.54,4698.7,0,0,0.872
CUST-2063,2,7,1,1,1,143.9,4,Low,1,0.44,939.2,1,0,0.858
CUST-2064,13,56,17,1,5,108.28,5,High,0,0.41,3786.3,1,1,0.872
CUST-2065,2,6,2,1,0,122.23,11,Low,1,0.63,584.0,1,1,0.535
CUST-2066,4,16,7,1,4,303.71,1,High,0,0.09,1070.2,1,1,0.853
CUST-2067,8,19,7,0,0,189.95,5,Low,0,0.29,1284.7,1,1,0.397
CUST-2068,3,14,4,0,0,184.83,2,Low,1,0.15,701.7,0,0,0.565
CUST-2069,9,27,7,0,2,136.82,3,Medium,0,0.51,2482.9,0,0,0.865
CUST-2070,9,39,16,0,4,159.11,7,High,0,0.35,2366.8,0,0,0.826
CUST-2071,3,12,4,1,4,88.62,1,Medium,1,0.54,625.3,0,0,0.94
CUST-2072,4,14,6,1,1,311.79,6,Medium,1,0.0,843.4,1,1,0.746
CUST-2073,9,28,10,1,1,359.31,2,Medium,0,0.19,2006.6,1,1,0.792
CUST-2074,4,18,8,0,0,195.52,7,Low,0,0.7,1837.8,1,1,0.54
CUST-2075,5,21,10,1,0,144.48,1,Low,0,0.43,1323.2,1,0,0.584
CUST-2076,5,15,8,1,3,154.07,8,Medium,0,0.22,1742.5,1,1,0.664
CUST-2077,23,27,10,1,3,177.84,7,High,1,0.26,1958.0,1,1,0.879
CUST-2078,6,7,2,1,1,88.24,22,Low,0,0.79,640.6,1,0,0.435
CUST-2079,3,7,2,1,0,125.23,15,Low,0,0.38,577.8,1,1,0.192
CUST-2080,5,12,7,0,0,89.61,2,Low,0,0.33,914.1,1,1,0.505
CUST-2081,4,5,2,1,11,194.98,1,High,0,0.68,351.7,0,0,0.95
CUST-2082,9,39,10,0,2,75.69,7,Medium,1,0.21,2756.5,1,1,0.799
CUST-2083,7,9,3,1,1,92.42,6,Low,0,0.38,1073.3,1,1,0.698
CUST-2084,5,21,5,0,0,205.95,1,Low,0,0.37,2074.4,1,1,0.555
CUST-2085,10,20,7,0,1,159.39,1,Medium,1,0.48,2301.9,1,1,0.933
CUST-2086,4,16,6,0,1,288.42,6,Medium,0,0.81,899.6,1,1,0.891
CUST-2087,6,28,9,1,2,124.58,15,Medium,0,0.07,2305.4,1,1,0.387
CUST-2088,2,12,2,1,5,134.19,15,High,0,0.43,820.9,1,0,0.681
CUST-2089,4,7,4,1,2,260.86,1,High,0,0.24,813.5,1,1,0.887
CUST-2090,5,16,7,1,0,231.02,3,Low,0,0.44,1968.5,1,0,0.53
CUST-2091,8,33,14,1,0,207.87,1,Low,0,0.66,3638.9,1,1,0.69
CUST-2092,9,13,4,0,0,101.28,4,Low,0,0.52,726.2,1,0,0.54
CUST-2093,6,7,3,1,3,105.21,9,Medium,1,0.19,649.2,1,1,0.75
CUST-2094,5,8,3,1,1,139.24,10,Low,0,0.38,420.8,1,1,0.589
CUST-2095,14,43,12,1,2,137.64,5,Medium,1,0.14,2197.7,1,1,0.815
CUST-2096,3,12,2,0,1,16.01,1,Low,1,0.09,742.4,1,1,0.812
CUST-2097,7,23,7,0,1,102.15,3,Low,0,0.12,1684.3,1,1,0.664
CUST-2098,3,11,2,1,1,122.1,17,Low,0,0.61,831.7,1,0,0.495
CUST-2099,5,13,10,1,0,141.0,2,Low,0,0.35,1051.3,1,0,0.515
CUST-2100,7,24,5,0,0,225.42,3,Low,0,0.63,1864.7,1,1,0.622
CUST-2101,9,29,10,1,2,252.65,9,High,1,0.35,3052.6,1,1,0.872
CUST-2102,5,16,5,1,1,191.95,8,Medium,0,0.7,995.0,1,1,0.838
CUST-2103,15,61,19,0,2,70.06,15,Low,1,0.18,3622.3,1,1,0.49
CUST-2104,8,34,12,0,1,238.51,3,Medium,1,0.57,3200.4,0,0,0.93
CUST-2105,4,14,3,1,2,192.36,5,Medium,0,0.61,1284.0,1,1,0.861
CUST-2106,6,15,7,1,3,211.34,4,High,0,0.43,919.1,1,1,0.889
CUST-2107,4,16,5,1,3,105.02,16,Medium,0,0.14,1787.9,1,0,0.392
CUST-2108,6,10,4,1,2,265.24,9,High,1,0.2,865.8,1,1,0.835
CUST-2109,14,59,23,1,1,132.03,11,Low,1,0.29,4439.7,1,0,0.659
CUST-2110,16,16,8,1,2,101.53,1,Medium,0,0.56,1300.8,1,1,0.9
CUST-2111,5,22,10,1,2,199.68,10,Medium,0,0.83,1589.5,1,1,0.84
CUST-2112,5,15,6,1,5,140.08,4,High,0,0.09,1467.9,1,1,0.802
CUST-2113,4,18,6,1,9,189.78,1,High,1,0.39,1364.9,1,1,0.951
CUST-2114,7,22,8,1,2,121.75,1,Medium,1,0.21,1538.2,1,1,0.891
CUST-2115,5,19,8,1,1,85.27,7,Low,0,0.46,2311.3,1,1,0.707
CUST-2116,10,41,18,1,5,120.34,3,High,0,0.35,2899.5,1,1,0.885
CUST-2117,17,17,4,1,1,76.54,13,Low,0,0.56,1686.0,1,1,0.589
CUST-2118,6,8,2,1,1,192.64,8,Medium,0,0.47,631.2,1,1,0.765
CUST-2119,12,50,20,0,3,40.18,1,Low,1,0.45,4050.4,0,0,0.898
CUST-2120,4,13,4,1,1,231.89,7,Medium,0,0.59,847.6,0,0,0.823
CUST-2121,8,10,3,0,4,79.51,2,Medium,1,0.44,1103.5,0,0,0.92
CUST-2122,4,11,3,1,3,219.06,4,High,0,0.37,1251.7,1,1,0.877
CUST-2123,7,23,9,1,1,182.27,6,Medium,0,0.63,1229.1,1,1,0.851
CUST-2124,8,33,22,1,0,51.0,13,Low,0,0.55,1735.6,1,0,0.297
CUST-2125,6,18,6,1,0,156.63,4,Low,1,0.39,2120.1,1,0,0.622
CUST-2126,11,24,6,0,0,74.3,10,Low,1,0.49,2799.8,1,0,0.495
CUST-2127,6,14,3,0,3,157.0,10,Medium,0,0.27,1231.0,0,0,0.632
CUST-2128,2,3,0,1,0,105.99,4,Low,0,0.7,314.3,0,0,0.627
CUST-2129,10,23,8,1,4,51.52,5,Medium,0,0.28,2587.6,1,0,0.761
CUST-2130,8,25,9,1,1,178.16,8,Medium,0,0.24,1437.7,0,0,0.673
CUST-2131,19,23,6,1,4,137.75,1,High,1,0.24,2193.5,1,1,0.935
CUST-2132,7,17,7,1,2,144.01,14,Medium,0,0.6,1452.4,0,0,0.673
CUST-2133,6,10,4,1,0,56.26,9,Low,0,0.54,1111.1,1,1,0.401
CUST-2134,12,15,4,0,1,53.25,2,Low,1,0.14,844.6,0,0,0.808
CUST-2135,10,40,13,0,0,125.72,24,Low,0,0.49,3725.3,1,0,0.091
CUST-2136,11,14,9,1,0,216.3,2,Low,0,0.3,1344.1,1,0,0.49
CUST-2137,6,7,2,1,0,194.18,15,Low,0,0.8,880.4,1,0,0.354
CUST-2138,8,16,7,1,0,175.68,3,Low,1,0.1,1662.1,1,1,0.51
CUST-2139,10,32,11,1,1,246.25,9,Medium,0,0.22,3623.1,1,1,0.636
CUST-2140,5,18,8,1,1,108.66,4,Low,0,0.73,2095.2,1,0,0.856
CUST-2141,2,7,3,0,0,180.41,9,Low,1,0.54,651.8,1,0,0.55
CUST-2142,4,12,5,1,2,63.62,2,Low,0,0.42,703.5,0,0,0.802
CUST-2143,14,14,7,1,1,353.0,2,Medium,1,0.4,1366.1,1,1,0.914
CUST-2144,11,47,22,1,0,99.78,1,Low,1,0.44,5285.9,0,0,0.723
CUST-2145,10,12,4,1,3,174.21,13,High,0,0.13,717.5,0,0,0.599
CUST-2146,7,12,3,0,3,285.84,3,High,1,0.75,1145.1,1,1,0.969
CUST-2147,9,39,13,1,4,119.87,8,Medium,0,0.35,2229.1,1,1,0.719
CUST-2148,2,5,2,0,3,172.35,11,High,0,0.02,336.1,1,0,0.603
CUST-2149,3,4,2,1,0,155.3,14,Low,1,0.4,549.5,1,0,0.336
CUST-2150,3,4,0,0,0,117.12,1,Low,0,0.24,471.6,0,0,0.49
CUST-2151,6,14,2,1,3,105.62,14,Medium,0,0.57,1369.5,1,1,0.659
CUST-2152,13,13,5,1,0,78.56,2,Low,1,0.6,1453.2,1,0,0.761
CUST-2153,2,6,1,0,6,29.7,9,Medium,0,0.5,383.0,1,1,0.754
CUST-2154,17,51,18,0,0,132.57,8,Low,0,0.36,2857.6,1,0,0.345
CUST-2155,6,14,6,0,0,101.06,1,Low,1,0.39,1617.8,1,0,0.703
CUST-2156,5,7,3,1,14,24.09,2,Medium,1,0.79,647.2,0,0,0.959
CUST-2157,4,5,0,1,1,97.89,5,Low,1,0.44,438.9,1,1,0.843
CUST-2158,7,29,8,0,2,185.89,4,Medium,1,0.32,2952.3,1,1,0.877
CUST-2159,12,51,15,1,4,150.52,16,High,1,0.15,5825.8,1,1,0.664
CUST-2160,11,46,14,0,0,222.76,3,Low,1,0.3,4524.7,0,0,0.608
CUST-2161,6,11,4,1,1,116.53,17,Low,0,0.45,1235.8,1,1,0.416
CUST-2162,7,8,3,1,5,81.72,4,Medium,1,0.57,678.2,1,1,0.921
CUST-2163,6,28,8,1,5,187.2,21,High,0,0.25,1995.7,1,1,0.421
CUST-2164,8,26,6,0,1,191.54,9,Medium,0,0.75,2952.0,0,0,0.835
CUST-2165,1,5,1,1,3,162.35,11,Medium,0,0.8,572.2,1,1,0.815
CUST-2166,12,38,20,1,4,96.64,1,Medium,0,0.14,2522.4,1,1,0.796
CUST-2167,2,10,3,1,4,144.99,6,High,0,0.44,985.0,1,1,0.865
CUST-2168,8,16,8,1,1,79.92,1,Low,0,0.37,1600.8,1,1,0.805
CUST-2169,6,25,11,1,1,100.36,3,Low,0,0.27,1609.9,1,1,0.727
CUST-2170,10,11,4,1,0,236.06,6,Low,0,0.55,1117.5,1,0,0.495
CUST-2171,2,11,5,0,0,111.77,8,Low,0,0.6,587.9,1,1,0.46
CUST-2172,2,7,1,0,2,211.25,1,Medium,1,0.29,506.3,0,0,0.906
CUST-2173,4,5,2,0,2,166.67,5,Medium,1,0.2,533.8,0,0,0.832
CUST-2174,3,9,2,0,1,283.0,5,Medium,1,0.37,657.0,1,1,0.874
CUST-2175,6,26,11,1,5,163.81,1,High,0,0.39,1715.2,1,1,0.914
CUST-2176,11,17,3,1,3,159.18,5,Medium,1,0.52,1967.1,1,1,0.904
CUST-2177,6,10,5,1,2,63.93,8,Low,0,0.46,1077.0,1,1,0.681
CUST-2178,4,13,2,1,0,101.74,1,Low,0,0.52,1212.4,0,0,0.627
CUST-2179,5,16,8,0,1,125.52,9,Low,1,0.55,1056.2,0,0,0.805
CUST-2180,6,25,7,1,9,332.62,6,High,1,0.33,1865.1,1,0,0.904
CUST-2181,3,8,3,0,0,105.34,11,Low,1,0.58,744.2,1,0,0.51
CUST-2182,11,13,4,1,2,82.55,2,Medium,0,0.65,856.0,1,1,0.906
CUST-2183,11,40,13,0,0,69.91,11,Low,0,0.18,3328.7,1,1,0.204
CUST-2184,5,23,9,1,0,62.91,1,Low,1,0.55,1835.5,0,0,0.765
CUST-2185,7,22,11,1,1,338.0,4,Medium,1,0.27,1869.9,1,1,0.865
CUST-2186,6,25,5,0,6,153.71,2,High,1,0.22,1447.8,0,0,0.924
CUST-2187,5,16,8,1,3,87.75,13,Medium,1,0.58,963.7,1,1,0.802
CUST-2188,1,3,1,0,2,249.37,8,Medium,0,0.16,445.2,1,1,0.636
CUST-2189,2,4,2,1,3,299.91,1,High,0,0.74,506.4,1,1,0.955
CUST-2190,3,11,3,1,1,89.72,1,Low,0,0.38,969.7,1,1,0.808
CUST-2191,5,6,2,0,6,114.49,3,High,0,0.63,787.0,1,0,0.931
CUST-2192,7,31,14,1,2,231.78,1,Medium,0,0.59,3065.1,1,1,0.906
CUST-2193,8,17,5,0,3,192.7,6,High,0,0.29,1091.3,1,1,0.826
CUST-2194,9,9,3,1,2,130.99,7,Medium,1,0.37,656.1,1,1,0.846
CUST-2195,10,32,6,1,0,234.62,18,Low,1,0.42,2256.1,1,0,0.246
CUST-2196,2,7,1,1,2,62.71,19,Low,1,0.17,738.7,1,0,0.368
CUST-2197,5,7,3,1,2,28.41,7,Low,0,0.35,684.9,1,1,0.659
CUST-2198,1,6,3,1,1,80.76,1,Low,0,0.28,720.8,0,0,0.776
CUST-2199,7,15,6,1,0,99.01,3,Low,1,0.54,1654.1,1,1,0.715
